playerID,yearID,stint,Name,Age,teamID,lgID,W,L,G,GS,CG,SHO,SV,IPouts,H,ER,HR,BB,SO,BAOpp,ERA,IBB,WP,HBP,BK,BFP,GF,R,SH,SF,GIDP
lynnla01,2020,1,Lance Lynn,33,TEX,AL,13,8,28,28,2,0,0,591,160,81,32,65,206,0,3.7,1,6,14,0,824,0,89,0,0,0
marquge01,2020,1,German Marquez,25,COL,NL,9,14,28,28,0,0,0,573,185,86,18,65,174,0,4.05,1,9,2,0,818,0,101,0,0,0
hendrky01,2020,1,Kyle Hendricks,30,CHC,NL,13,12,26,26,2,2,0,573,176,71,26,32,157,0,3.35,3,4,4,0,763,0,73,0,0,0
biebesh01,2020,1,Shane Bieber,25,CLE,AL,17,4,26,26,0,0,0,543,123,47,20,56,265,0,2.34,1,11,4,0,720,0,51,0,0,0
darviyu01,2020,1,Yu Darvish,33,CHC,NL,17,8,26,26,0,0,0,537,147,52,16,43,210,0,2.61,3,7,6,0,718,0,56,0,0,0
civalaa01,2020,1,Aaron Civale,25,CLE,AL,9,14,26,26,2,0,0,522,190,94,27,46,163,0,4.86,1,2,8,2,743,0,95,0,0,0
woodrbr01,2020,1,Brandon Woodruff,27,MIL,NL,7,12,28,28,2,0,0,516,138,67,23,50,205,0,3.51,1,3,10,0,705,0,71,0,0,0
colege01,2020,1,Gerrit Cole,29,NYY,AL,15,8,26,26,4,2,0,516,134,63,33,48,210,0,3.3,1,5,6,0,695,0,72,0,0,0
senzaan01,2020,1,Antonio Senzatela,25,COL,NL,11,8,26,26,2,0,0,516,168,73,23,50,110,0,3.82,1,2,10,0,724,0,76,0,0,0
bauertr01,2020,1,Trevor Bauer,29,CIN,NL,11,10,24,24,4,4,0,516,111,46,23,48,222,0,2.41,3,7,8,0,676,0,53,0,0,0
giolilu01,2020,1,Lucas Giolito,25,CHW,AL,9,8,26,26,2,2,0,507,122,72,21,68,216,0,3.83,1,7,6,0,693,0,80,0,0,0
galleza01,2020,1,Zac Gallen,24,ARI,NL,7,6,26,26,0,0,0,507,137,61,23,63,187,0,3.25,1,9,6,0,699,0,66,0,0,0
nolaaa01,2020,1,Aaron Nola,27,PHI,NL,11,12,26,26,4,2,0,501,135,68,23,59,213,0,3.66,4,3,6,0,693,0,79,0,0,0
wheelza01,2020,1,Zack Wheeler,30,PHI,NL,9,6,24,24,0,0,0,501,160,63,12,45,132,0,3.4,4,2,15,0,691,0,70,0,0,0
freelky01,2020,1,Kyle Freeland,27,COL,NL,5,8,28,28,0,0,0,495,178,83,23,58,118,0,4.53,1,2,8,0,720,0,85,0,0,0
castilu02,2020,1,Luis Castillo,27,CIN,NL,9,13,26,26,2,0,0,495,150,66,15,60,200,0,3.6,1,3,4,0,697,0,79,0,0,0
valdefr01,2020,1,Framber Valdez,26,HOU,AL,11,8,22,22,0,0,0,495,152,72,15,45,175,0,3.93,1,13,12,2,689,0,81,0,0,0
gonzama02,2020,1,Marco Gonzales,28,SEA,AL,15,6,24,24,2,0,0,489,144,64,21,28,152,0,3.53,1,1,10,0,666,0,71,0,0,0
lametdi01,2020,1,Dinelson Lamet,27,SDP,NL,7,4,26,26,0,0,0,486,106,49,15,52,207,0,2.72,1,3,10,0,647,0,54,0,0,0
davieza02,2020,1,Zach Davies,27,SDP,NL,15,10,26,26,0,0,0,486,136,58,23,51,150,0,3.22,1,5,2,0,664,0,69,0,0,0
degroja01,2020,1,Jacob deGrom,32,NYM,NL,9,6,26,26,0,0,0,480,120,52,19,48,227,0,2.93,1,9,2,0,647,0,60,0,0,0
carraca01,2020,1,Carlos Carrasco,33,CLE,AL,7,10,26,26,0,0,0,480,136,60,21,66,186,0,3.38,1,13,6,0,670,0,61,0,0,0
scherma01,2020,1,Max Scherzer,35,WSN,NL,11,10,26,26,2,0,0,474,164,71,25,58,204,0,4.04,2,13,4,0,696,0,76,0,0,0
gibsoky01,2020,1,Kyle Gibson,32,TEX,AL,5,13,26,26,2,2,0,474,169,94,28,71,140,0,5.35,2,3,13,0,708,0,103,0,0,0
ryuhy01,2020,1,Hyun Jin Ryu,33,TOR,AL,11,6,26,26,0,0,0,471,145,56,17,46,166,0,3.21,1,3,4,0,658,0,61,0,0,0
greinza01,2020,1,Zack Greinke,36,HOU,AL,7,8,26,26,0,0,0,471,158,75,17,31,157,0,4.3,1,7,4,0,654,0,76,0,0,0
heanean01,2020,1,Andrew Heaney,29,LAA,AL,9,8,26,26,0,0,0,468,150,80,23,50,162,0,4.62,2,5,6,0,664,0,86,0,0,0
maedake01,2020,1,Kenta Maeda,32,MIN,AL,13,4,24,24,0,0,0,468,106,56,23,33,181,0,3.23,1,1,2,0,605,0,57,0,0,0
bundydy01,2020,1,Dylan Bundy,27,LAA,AL,13,8,24,24,2,0,0,459,127,63,15,46,165,0,3.71,2,5,9,0,639,0,70,0,0,0
corbipa01,2020,1,Patrick Corbin,30,WSN,NL,5,15,24,24,0,0,0,459,191,82,24,48,142,0,4.82,2,3,2,2,692,0,85,0,0,0
wainwad01,2020,1,Adam Wainwright,38,STL,NL,11,8,22,22,4,0,0,459,132,61,23,42,131,0,3.59,1,1,6,0,630,0,66,0,0,0
singebr01,2020,1,Brady Singer,23,KCR,AL,9,11,25,25,0,0,0,453,128,72,21,57,144,0,4.29,1,11,6,2,629,0,74,0,0,0
berrijo01,2020,1,Jose Berrios,26,MIN,AL,11,9,25,25,0,0,0,444,137,70,20,63,157,0,4.26,1,11,7,0,642,0,71,0,0,0
cuetojo01,2020,1,Johnny Cueto,34,SFG,NL,5,8,25,25,0,0,0,444,145,89,22,63,134,0,5.41,1,3,7,4,654,0,96,0,0,0
bassich01,2020,1,Chris Bassitt,31,OAK,AL,11,6,24,24,0,0,0,444,135,47,17,46,132,0,2.86,1,5,6,0,623,0,52,0,0,0
keuchda01,2020,1,Dallas Keuchel,32,CHW,AL,13,6,24,24,0,0,0,444,128,43,9,46,107,0,2.61,1,1,2,0,616,0,47,0,0,0
perezma02,2020,1,Martin Perez,29,BOS,AL,7,11,25,25,0,0,0,438,133,75,20,66,114,0,4.62,1,5,7,0,623,0,81,0,0,0
millsal02,2020,1,Alec Mills,28,CHC,NL,11,11,23,23,2,2,0,438,129,75,30,49,115,0,4.62,1,1,6,2,605,0,77,0,0,0
lestejo01,2020,1,Jon Lester,36,CHC,NL,7,7,25,25,0,0,0,429,149,83,26,45,106,0,5.22,1,5,7,0,627,0,84,0,0,0
boydma01,2020,1,Matthew Boyd,29,DET,AL,7,15,25,25,2,0,0,423,155,101,34,54,140,0,6.45,0,11,11,0,637,0,105,0,0,0
paddach01,2020,1,Chris Paddack,24,SDP,NL,9,11,25,25,0,0,0,417,141,75,32,35,136,0,4.86,0,1,5,0,585,0,80,0,0,0
porceri01,2020,1,Rick Porcello,31,NYM,NL,3,15,25,25,0,0,0,417,168,86,14,41,128,0,5.57,0,3,5,0,615,0,95,0,0,0
anderty01,2020,1,Tyler Anderson,30,SFG,NL,9,7,23,23,2,0,0,417,137,71,14,60,104,0,4.6,0,3,9,0,614,0,78,0,0,0
fiersmi01,2020,1,Mike Fiers,35,OAK,AL,13,7,23,23,0,0,0,417,150,73,22,43,96,0,4.73,0,3,9,0,608,0,76,0,0,0
gausmke01,2020,1,Kevin Gausman,29,SFG,NL,7,7,21,21,0,0,0,417,122,61,20,43,176,0,3.95,0,9,2,2,585,0,66,0,0,0
eflinza01,2020,1,Zach Eflin,26,PHI,NL,9,6,21,21,2,2,0,417,141,65,20,41,159,0,4.21,0,3,4,0,585,0,70,0,0,0
burneco01,2020,1,Corbin Burnes,25,MIL,NL,9,4,20,20,0,0,0,417,97,42,9,58,193,0,2.72,0,11,7,0,576,0,46,0,0,0
luzarje01,2020,1,Jesus Luzardo,22,OAK,AL,7,6,20,20,0,0,0,417,137,67,22,45,138,0,4.34,2,7,7,2,591,0,68,0,0,0
ceasedy01,2020,1,Dylan Cease,24,CHW,AL,11,9,25,25,0,0,0,411,122,65,28,77,109,0,4.27,2,3,11,0,602,0,74,0,0,0
kershcl01,2020,1,Clayton Kershaw,32,LAD,NL,13,5,21,21,0,0,0,411,104,42,20,27,143,0,2.76,0,1,4,0,538,0,51,0,0,0
glasnty01,2020,1,Tyler Glasnow,26,TBR,AL,11,4,23,23,0,0,0,402,108,65,26,54,198,0,4.37,0,15,2,0,568,0,66,0,0,0
lopezpa01,2020,1,Pablo Lopez,24,MIA,NL,13,9,23,23,0,0,0,402,121,59,12,46,137,0,3.96,2,1,5,0,572,0,68,0,0,0
lylesjo01,2020,1,Jordan Lyles,29,TEX,AL,3,13,19,19,0,0,0,402,153,101,28,56,93,0,6.78,0,7,5,2,621,0,110,0,0,0
grayso01,2020,1,Sonny Gray,30,CIN,NL,11,7,23,23,0,0,0,396,105,59,12,61,161,0,4.02,0,15,5,2,560,0,66,0,0,0
minormi01,2020,1,Mike Minor,32,TOT,AL,3,13,23,23,2,2,0,396,121,81,26,50,142,0,5.52,0,1,4,0,568,0,85,0,0,0
duffyda01,2020,1,Danny Duffy,31,KCR,AL,9,9,23,23,0,0,0,396,126,74,24,54,133,0,5.05,0,7,5,0,573,0,79,0,0,0
cannigr01,2020,1,Griffin Canning,24,LAA,AL,5,7,23,23,0,0,0,396,128,62,20,55,131,0,4.23,0,11,4,0,566,0,71,0,0,0
turnbsp01,2020,1,Spencer Turnbull,27,DET,AL,9,9,23,23,0,0,0,396,115,62,8,67,121,0,4.23,2,1,5,0,574,0,64,0,0,0
friedma01,2020,1,Max Fried,26,ATL,NL,15,2,23,23,0,0,0,396,105,41,8,48,119,0,2.8,0,3,9,2,539,0,43,0,0,0
housead01,2020,1,Adrian Houser,27,MIL,NL,3,13,23,23,0,0,0,396,145,78,20,52,108,0,5.32,0,3,9,0,581,0,94,0,0,0
maydu01,2020,1,Dustin May,22,LAD,NL,7,4,21,21,0,0,0,396,111,45,22,42,108,0,3.07,0,5,3,0,539,0,50,0,0,0
yarbrry01,2020,1,Ryan Yarbrough,28,TBR,AL,3,9,19,19,0,0,0,390,128,56,14,34,108,0,3.88,2,5,15,0,556,0,58,0,0,0
mcculla02,2020,1,Lance McCullers Jr.,26,HOU,AL,7,7,23,23,0,0,0,387,109,60,14,50,130,0,4.19,0,1,11,0,543,0,71,0,0,0
willitr01,2020,1,Trevor Williams,28,PIT,NL,5,17,23,23,0,0,0,387,151,87,33,51,117,0,6.07,0,3,9,0,590,0,96,0,0,0
sheffju01,2020,1,Justus Sheffield,24,SEA,AL,9,7,21,21,0,0,0,387,124,56,8,50,115,0,3.91,0,3,7,0,552,0,60,0,0,0
uriasju01,2020,1,Julio Urias,23,LAD,NL,7,2,21,21,0,0,0,387,111,53,14,46,110,0,3.7,0,5,2,0,537,0,54,0,0,0
plesaza01,2020,1,Zach Plesac,25,CLE,AL,9,5,17,17,0,0,0,387,97,41,20,23,132,0,2.86,0,1,3,0,503,0,43,0,0,0
webblo01,2020,1,Logan Webb,23,SFG,NL,7,9,23,23,0,0,0,381,141,77,12,57,111,0,5.46,2,7,15,0,577,0,88,0,0,0
manaese01,2020,1,Sean Manaea,28,OAK,AL,9,7,23,23,0,0,0,381,133,66,18,27,109,0,4.68,0,3,3,0,531,0,76,0,0,0
javiecr01,2020,1,Cristian Javier,23,HOU,AL,11,5,21,21,0,0,0,381,93,54,25,46,126,0,3.83,0,9,5,4,516,0,56,0,0,0
kellebr01,2020,1,Brad Keller,24,KCR,AL,11,7,19,19,2,2,0,381,99,43,8,44,90,0,3.05,0,3,5,0,518,0,46,0,0,0
montafr02,2020,1,Frankie Montas,27,OAK,AL,7,11,23,23,0,0,0,375,132,77,23,55,137,0,5.54,0,5,3,0,558,0,82,0,0,0
walketa01,2020,1,Taijuan Walker,27,TOT,AL,9,7,23,23,0,0,0,375,106,45,20,47,118,0,3.24,0,3,9,0,535,0,59,0,0,0
sanchan01,2020,1,Anibal Sanchez,36,WSN,NL,9,11,23,23,0,0,0,375,157,88,25,45,105,0,6.34,4,1,7,4,573,0,91,0,0,0
weavelu01,2020,1,Luke Weaver,26,ARI,NL,3,19,25,25,0,0,0,366,143,86,23,45,127,0,6.34,0,1,3,0,554,0,89,0,0,0
cobbal01,2020,1,Alex Cobb,32,BAL,AL,5,11,21,21,0,0,0,366,123,61,20,45,95,0,4.5,0,3,5,0,535,0,66,0,0,0
rayro02,2020,1,Robbie Ray,28,TOT,MLB,5,11,23,23,0,0,0,360,124,86,29,96,152,0,6.45,2,13,3,0,581,0,91,0,0,0
richaga01,2020,1,Garrett Richards,32,SDP,NL,5,5,21,21,0,0,0,360,113,57,18,43,110,0,4.28,0,7,5,0,508,0,58,0,0,0
snellbl01,2020,1,Blake Snell,27,TBR,AL,9,5,23,23,0,0,0,354,103,47,23,45,142,0,3.58,0,14,1,0,487,0,51,0,0,0
bubickr01,2020,1,Kris Bubic,22,KCR,AL,3,13,21,21,0,0,0,354,122,59,19,52,115,0,4.5,2,1,5,0,523,0,70,0,0,0
feddeer01,2020,1,Erick Fedde,27,WSN,NL,5,9,17,17,0,0,0,354,112,59,23,52,75,0,4.5,4,5,7,0,523,0,62,0,0,0
vothau01,2020,1,Austin Voth,28,WSN,NL,5,11,23,23,2,0,0,348,131,80,31,45,105,0,6.21,4,3,9,0,527,0,83,0,0,0
peterda01,2020,1,David Peterson,24,NYM,NL,12,5,19,19,0,0,0,348,91,49,14,56,97,0,3.8,0,3,7,0,489,0,52,0,0,0
happja01,2020,1,J.A. Happ,37,NYY,AL,5,5,19,19,0,0,0,345,93,49,19,39,101,0,3.83,0,1,3,0,472,0,50,0,0,0
stripro01,2020,1,Ross Stripling,30,TOT,MLB,7,7,19,19,0,0,2,345,129,74,29,44,97,0,5.79,0,3,3,0,517,0,84,0,0,0
tanakma01,2020,1,Masahiro Tanaka,31,NYY,AL,7,7,21,21,0,0,0,339,113,49,21,25,105,0,3.9,0,1,5,0,471,0,61,0,0,0
eovalna01,2020,1,Nathan Eovaldi,30,BOS,AL,9,5,19,19,0,0,0,339,119,51,19,23,120,0,4.06,0,5,9,0,475,0,52,0,0,0
roarkta01,2020,1,Tanner Roark,33,TOR,AL,5,7,23,23,0,0,0,333,136,81,31,54,99,0,6.57,0,5,5,0,514,0,88,0,0,0
mahlety01,2020,1,Tyler Mahle,25,CIN,NL,5,5,19,19,0,0,0,333,86,49,15,50,135,0,3.97,0,5,9,2,477,0,54,0,0,0
brubajt01,2020,1,JT Brubaker,26,PIT,NL,3,7,19,19,0,0,0,333,113,62,15,42,112,0,5.03,0,9,7,0,485,0,65,0,0,0
anderbr04,2020,1,Brett Anderson,32,MIL,NL,9,9,21,21,0,0,0,330,116,54,15,29,81,0,4.42,0,1,9,0,479,0,59,0,0,0
kikucyu01,2020,1,Yusei Kikuchi,29,SEA,AL,5,9,19,19,0,0,0,330,99,64,10,48,110,0,5.24,0,7,1,0,464,0,65,0,0,0
dobnara01,2020,1,Randy Dobnak,25,MIN,AL,12,9,21,21,0,0,0,327,116,52,10,34,71,0,4.29,0,1,9,0,474,0,53,0,0,0
gonsoto01,2020,1,Tony Gonsolin,26,LAD,NL,5,5,17,17,0,0,0,327,82,35,8,23,108,0,2.89,0,7,3,0,428,0,38,0,0,0
youngal01,2020,1,Alex Young,26,ARI,NL,5,9,47,14,0,0,1,324.9,117,65,24,39,96,0,5.4,1,3,4,0,482,0,70,0,0,0
kuhlch01,2020,1,Chad Kuhl,27,PIT,NL,5,7,19,19,0,0,0,324,88,54,19,63,104,0,4.5,0,3,5,0,468,0,63,0,0,0
lindbjo01,2020,1,Josh Lindblom,33,MIL,NL,5,9,21,21,0,0,0,318,100,61,15,40,119,0,5.18,0,5,7,0,454,0,62,0,0,0
dunnju01,2020,1,Justin Dunn,24,SEA,AL,9,3,21,21,0,0,0,318,80,54,23,68,92,0,4.58,2,1,5,0,468,0,57,0,0,0
arrieja01,2020,1,Jake Arrieta,34,PHI,NL,9,9,19,19,0,0,0,312,117,59,15,40,80,0,5.11,0,9,3,0,450,0,60,0,0,0
montgjo01,2020,1,Jordan Montgomery,27,NYY,AL,5,7,21,21,0,0,0,309,111,59,17,26,109,0,5.16,0,7,5,0,456,0,64,0,0,0
meansjo01,2020,1,John Means,27,BAL,AL,5,9,21,21,0,0,0,306,88,53,26,22,99,0,4.68,0,5,9,0,422,0,54,0,0,0
clarkta01,2020,1,Taylor Clarke,27,ARI,NL,6,2,41,11,0,0,1,303.9,89,53,19,49,95,0,4.71,4,2,2,0,438,0,58,0,0,0
weberry01,2020,1,Ryan Weber,29,BOS,AL,3,7,49,11,0,0,1,303.3,103,53,19,37,75,0,4.72,1,3,7,0,441,0,57,0,0,0
castery01,2020,1,Ryan Castellani,24,COL,NL,3,9,19,19,0,0,0,303,90,65,26,58,66,0,5.79,0,3,11,0,446,0,69,0,0,0
braulst01,2020,1,Steven Brault,28,PIT,NL,3,7,21,21,2,0,0,297,74,42,7,51,91,0,3.82,0,7,11,0,424,0,44,0,0,0
alcansa01,2020,1,Sandy Alcantara,24,MIA,NL,7,5,15,15,0,0,0,297,86,38,11,37,92,0,3.45,0,3,3,2,412,0,54,0,0,0
bumgama01,2020,1,Madison Bumgarner,30,ARI,NL,3,9,19,19,0,0,0,291,108,68,28,33,75,0,6.31,4,1,13,0,444,0,71,0,0,0
clevimi01,2020,1,Mike Clevinger,29,TOT,MLB,7,5,17,17,2,2,0,291,83,38,15,35,94,0,3.53,0,5,1,0,391,0,38,0,0,0
margeni01,2020,1,Nick Margevicius,24,SEA,AL,5,7,15,15,0,0,0,291,91,51,15,35,86,0,4.73,4,5,1,0,406,0,52,0,0,0
hollade01,2020,1,Derek Holland,33,PIT,NL,3,7,39,11,0,0,1,283.5,98,67,25,38,101,0,6.38,1,5,7,2,422,0,72,0,0,0
flaheja01,2020,1,Jack Flaherty,24,STL,NL,8,7,19,19,0,0,0,282,81,52,15,39,111,0,4.98,0,3,7,0,404,0,53,0,0,0
tomlijo01,2020,1,Josh Tomlin,35,ATL,NL,5,5,47,11,0,0,1,276.3,94,51,15,27,86,0,4.98,4,3,3,0,393,0,54,0,0,0
milonto01,2020,1,Tommy Milone,33,TOT,MLB,3,9,19,19,0,0,0,276,122,65,20,20,93,0,6.36,0,3,5,0,423,0,76,0,0,0
musgrjo01,2020,1,Joe Musgrove,27,PIT,NL,3,11,17,17,0,0,0,276,81,43,13,39,122,0,4.21,0,3,5,0,395,0,44,0,0,0
hudsoda02,2020,1,Dakota Hudson,25,STL,NL,7,5,17,17,0,0,0,276,63,33,13,37,76,0,3.23,2,1,3,0,366,0,36,0,0,0
grayjo02,2020,1,Jon Gray,28,COL,NL,5,9,17,17,0,0,0,276,103,65,15,29,59,0,6.36,0,5,5,2,410,0,70,0,0,0
sanchsi01,2020,1,Sixto Sanchez,21,MIA,NL,7,5,15,15,2,0,0,276,86,39,9,29,80,0,3.82,2,3,5,0,379,0,40,0,0,0
kimkw01,2020,1,Kwang Hyun Kim,31,STL,NL,7,1,15,15,0,0,2,276,71,24,9,31,63,0,2.35,4,3,1,0,372,0,28,0,0,0
lopezjo02,2020,1,Jorge Lopez,27,TOT,AL,5,5,13,13,0,0,0,276,105,65,17,31,70,0,6.36,2,8,7,0,410,0,72,0,0,0
hillri01,2020,1,Rich Hill,40,MIN,AL,5,5,17,17,0,0,0,270,71,35,9,40,76,0,3.5,0,3,3,0,374,0,36,0,0,0
mortoch02,2020,1,Charlie Morton,36,TBR,AL,5,5,19,19,0,0,0,267,99,48,11,27,96,0,4.85,0,3,9,0,400,0,51,0,0,0
wrighky01,2020,1,Kyle Wright,24,ATL,NL,5,9,17,17,0,0,0,267,84,52,16,54,74,0,5.26,2,3,1,0,396,0,55,0,0,0
wojcias01,2020,1,Asher Wojciechowski,31,BAL,AL,3,7,15,15,0,0,0,261,102,63,24,36,75,0,6.52,0,1,3,0,394,0,66,0,0,0
lugose01,2020,1,Seth Lugo,30,NYM,NL,6,8,44,14,0,0,6,255.3,91,50,18,29,102,0,5.29,2,3,5,0,378,0,53,0,0,0
buehlwa01,2020,1,Walker Buehler,25,LAD,NL,3,1,17,17,0,0,0,255,62,36,16,28,96,0,3.81,0,8,3,0,353,0,45,0,0,0
sandopa02,2020,1,Patrick Sandoval,23,LAA,AL,3,11,13,13,0,0,0,255,87,53,22,30,79,0,5.61,0,5,1,0,375,0,60,0,0,0
alexaty01,2020,1,Tyler Alexander,25,DET,AL,5,7,40,6,0,0,1,254.4,90,42,18,27,81,0,4.46,1,1,8,0,365,0,43,0,0,0
antonte01,2020,1,Tejay Antone,26,CIN,NL,1,6,38,9,0,0,1,247.5,59,33,11,38,98,0,3.6,0,4,5,0,344,0,34,0,0,0
eshelto01,2020,1,Thomas Eshelman,26,BAL,AL,6,3,36,9,0,0,1,241.2,80,39,16,26,51,0,4.37,0,3,3,0,344,0,44,0,0,0
velasvi01,2020,1,Vince Velasquez,28,PHI,NL,3,3,15,15,0,0,0,240,84,49,12,39,102,0,5.51,2,1,7,0,361,0,50,0,0,0
wachami01,2020,1,Michael Wacha,28,NYM,NL,3,9,15,15,0,0,0,240,103,57,20,20,85,0,6.41,0,5,5,0,365,0,59,0,0,0
dunnida01,2020,1,Dane Dunning,25,CHW,AL,5,1,15,15,0,0,0,240,63,38,10,32,81,0,4.28,0,10,5,0,339,0,42,0,0,0
garcide01,2020,1,Deivi Garcia,21,NYY,AL,6,5,13,13,0,0,0,240,82,45,14,19,78,0,5.06,0,1,3,0,346,0,48,0,0,0
allarko01,2020,1,Kolby Allard,22,TEX,AL,1,12,17,17,0,0,0,234,74,64,10,45,75,0,7.38,0,3,3,0,356,0,65,0,0,0
anderch01,2020,1,Chase Anderson,32,TOR,AL,3,5,15,15,0,0,0,234,101,60,24,26,87,0,6.92,0,3,3,0,360,0,65,0,0,0
desclan01,2020,1,Anthony DeSclafani,30,CIN,NL,3,5,15,15,0,0,0,234,93,60,16,37,62,0,6.92,0,3,7,0,367,0,61,0,0,0
mckentr01,2020,1,Triston McKenzie,22,CLE,AL,5,3,13,13,0,0,0,234,55,32,14,24,94,0,3.69,0,1,3,0,308,0,32,0,0,0
lorenmi01,2020,1,Michael Lorenzen,28,CIN,NL,6,3,45,5,0,0,1,234,73,40,9,39,80,0,4.62,2,4,3,2,347,0,43,0,0,0
ponceda01,2020,1,Daniel Ponce de Leon,28,STL,NL,3,7,17,17,0,0,0,228,58,43,18,45,100,0,5.09,0,1,5,0,337,0,43,0,0,0
andrima01,2020,1,Matt Andriese,30,LAA,AL,4,8,42,4,0,0,4,225.6,58,40,12,29,76,0,4.79,0,1,3,0,310,0,43,0,0,0
quantca01,2020,1,Cal Quantrill,25,TOT,MLB,4,2,45,7,0,0,2,225.6,74,27,11,24,73,0,3.23,2,1,6,0,324,0,35,0,0,0
richatr01,2020,1,Trevor Richards,27,TBR,AL,1,2,30,9,0,0,1,225.6,95,48,14,29,67,0,5.74,0,3,2,0,348,0,54,0,0,0
skubata01,2020,1,Tarik Skubal,23,DET,AL,3,9,15,15,0,0,0,225,68,47,20,28,84,0,5.64,0,1,5,0,319,0,49,0,0,0
anderia01,2020,1,Ian Anderson,22,ATL,NL,6,5,13,13,0,0,0,225,55,22,5,33,92,0,2.64,0,8,5,0,327,0,30,0,0,0
bielabr01,2020,1,Brandon Bielak,24,HOU,AL,6,7,13,13,0,0,0,225,89,54,20,39,63,0,6.48,0,1,5,0,346,0,59,0,0,0
barrija01,2020,1,Jaime Barria,23,LAA,AL,3,1,11,11,0,0,0,225,66,33,8,24,65,0,3.96,2,1,3,0,316,0,34,0,0,0
flemijo01,2020,1,Josh Fleming,24,TBR,AL,10,1,11,11,0,0,0,225,68,28,12,20,62,0,3.36,0,1,3,0,312,0,28,0,0,0
suterbr01,2020,1,Brent Suter,30,MIL,NL,4,2,41,9,0,0,1,219.9,72,31,11,19,84,0,3.81,0,1,3,0,312,0,36,0,0,0
gonzagi01,2020,1,Gio Gonzalez,34,CHW,AL,3,5,35,9,0,0,1,219.9,88,41,14,41,77,0,5.03,0,4,5,0,350,0,45,0,0,0
teherju01,2020,1,Julio Teheran,29,LAA,AL,1,9,18,18,0,0,0,219,88,75,25,37,52,0,9.25,0,3,5,0,346,0,75,0,0,0
kellyme01,2020,1,Merrill Kelly,31,ARI,NL,6,5,11,11,0,0,0,219,64,25,12,16,69,0,3.08,2,1,3,0,300,0,26,0,0,0
hernajo02,2020,1,Jonathan Hernandez,23,TEX,AL,9,3,59,0,0,0,1,218.7,62,30,8,24,72,0,3.7,0,1,8,0,305,0,31,0,0,0
matzst01,2020,1,Steven Matz,29,NYM,NL,1,10,13,13,0,0,0,213,94,71,29,25,82,0,9,0,4,1,0,331,0,71,0,0,0
mazzach01,2020,1,Chris Mazza,30,BOS,AL,3,5,13,13,0,0,0,213,78,38,8,35,68,0,4.82,0,8,5,0,319,0,43,0,0,0
valdeph01,2020,1,Phillips Valdez,28,BOS,AL,3,3,53,0,0,0,1,212.1,76,31,9,36,70,0,3.95,0,1,6,0,321,0,40,0,0,0
barlosc01,2020,1,Scott Barlow,27,KCR,AL,4,3,66,0,0,0,4,211.5,66,36,11,25,84,0,4.6,4,4,5,0,301,0,37,0,0,0
mayermi01,2020,1,Mike Mayers,28,LAA,AL,4,1,61,0,0,0,4,211.5,52,24,7,25,91,0,3.06,0,1,3,0,295,0,30,0,0,0
stratch01,2020,1,Chris Stratton,29,PIT,NL,4,3,58,0,0,0,1,211.5,64,34,9,31,84,0,4.34,0,3,1,0,311,0,45,0,0,0
castada01,2020,1,Daniel Castano,25,MIA,NL,3,5,13,13,0,0,0,207,70,27,8,27,36,0,3.52,0,3,1,0,299,0,31,0,0,0
urquijo01,2020,1,Jose Urquidy,25,HOU,AL,3,3,11,11,0,0,0,207,55,25,10,21,45,0,3.26,0,1,3,0,280,0,26,0,0,0
cisnejo01,2020,1,Jose Cisnero,31,DET,AL,6,6,61,0,0,0,1,205.8,59,29,6,26,76,0,3.8,0,1,6,0,295,0,30,0,0,0
peralfr01,2020,1,Freddy Peralta,24,MIL,NL,6,3,39,4,0,0,1,205.2,57,34,7,29,96,0,4.47,0,4,6,2,298,0,36,0,0,0
matzety01,2020,1,Tyler Matzek,29,ATL,NL,7,6,48,0,0,0,1,204.6,59,27,6,26,90,0,3.56,0,3,5,0,291,0,28,0,0,0
gombeau01,2020,1,Austin Gomber,26,STL,NL,3,3,37,8,0,0,1,204.6,52,22,6,34,64,0,2.9,0,3,5,0,288,0,24,0,0,0
fostema01,2020,1,Matt Foster,25,CHW,AL,11,3,51,5,0,0,1,198.9,47,24,7,24,70,0,3.26,0,1,1,0,270,0,26,0,0,0
rogertr01,2020,1,Trevor Rogers,22,MIA,NL,3,5,14,14,0,0,0,198,74,44,12,31,86,0,6,0,1,5,2,304,0,46,0,0,0
godleza01,2020,1,Zack Godley,30,BOS,AL,1,8,14,14,0,0,0,198,93,57,19,33,66,0,7.77,0,6,7,0,329,0,58,0,0,0
mizeca01,2020,1,Casey Mize,23,DET,AL,1,7,14,14,0,0,0,198,68,49,16,31,62,0,6.68,0,4,10,0,310,0,56,0,0,0
shoemma01,2020,1,Matt Shoemaker,33,TOR,AL,1,3,13,13,0,0,0,198,55,36,18,23,62,0,4.91,0,1,1,0,276,0,39,0,0,0
hollagr01,2020,1,Greg Holland,34,KCR,AL,6,1,59,0,0,0,10,198,53,22,6,21,70,0,3,2,3,6,0,274,0,26,0,0,0
rogerty01,2020,1,Tyler Rogers,29,SFG,NL,6,6,60,0,0,0,5,197.4,71,35,7,19,64,0,4.79,0,1,8,0,291,0,39,0,0,0
fulmemi01,2020,1,Michael Fulmer,27,DET,AL,1,5,20,20,0,0,0,192,98,59,17,29,50,0,8.3,0,1,3,0,313,0,59,0,0,0
greensh02,2020,1,Shane Greene,31,ATL,NL,3,1,58,0,0,0,1,191.7,56,25,7,24,53,0,3.52,2,1,4,0,266,0,27,0,0,0
almonye01,2020,1,Yency Almonte,26,COL,NL,6,1,52,0,0,0,2,191.7,61,26,7,19,57,0,3.66,0,1,6,0,273,0,34,0,0,0
norrida01,2020,1,Daniel Norris,27,DET,AL,6,3,36,3,0,0,1,191.7,61,28,7,21,65,0,3.94,0,1,1,0,277,0,29,0,0,0
plutkad01,2020,1,Adam Plutko,28,CLE,AL,4,5,30,8,0,0,2,191.7,69,36,12,21,44,0,5.07,0,1,3,0,277,0,37,0,0,0
peralwa01,2020,1,Wandy Peralta,28,SFG,NL,3,3,54,0,0,0,1,191.1,56,28,9,27,60,0,3.96,0,1,4,2,274,0,34,0,0,0
daytogr01,2020,1,Grant Dayton,32,ATL,NL,4,3,42,0,0,0,1,191.1,56,23,10,27,71,0,3.25,2,1,3,0,279,0,27,0,0,0
karinja01,2020,1,James Karinchak,24,CLE,AL,3,5,57,0,0,0,2,190.5,43,25,5,35,104,0,3.54,2,9,1,0,265,0,27,0,0,0
willide03,2020,1,Devin Williams,25,MIL,NL,7,3,49,0,0,0,1,190.5,33,14,5,24,104,0,1.98,0,6,3,0,251,0,19,0,0,0
erlinro01,2020,1,Robbie Erlin,29,TOT,NL,1,1,11,11,0,0,0,186,75,53,17,19,59,0,7.69,2,2,5,0,285,0,53,0,0,0
pinedmi01,2020,1,Michael Pineda,31,MIN,AL,4,1,11,11,0,0,0,186,59,26,2,19,59,0,3.77,0,1,3,0,264,0,27,0,0,0
cordeji01,2020,1,Jimmy Cordero,28,CHW,AL,3,4,61,0,0,0,1,184.8,73,40,7,24,54,0,5.84,4,6,6,0,287,0,46,0,0,0
familje01,2020,1,Jeurys Familia,30,NYM,NL,4,1,53,0,0,0,1,184.8,52,29,7,40,56,0,4.24,4,3,6,0,280,0,30,0,0,0
penafe01,2020,1,Felix Pena,30,LAA,AL,6,1,53,0,0,0,4,184.8,63,31,7,22,65,0,4.53,0,6,3,0,272,0,32,0,0,0
fairbpe01,2020,1,Pete Fairbanks,26,TBR,AL,11,6,56,5,0,0,1,184.8,57,24,7,32,81,0,3.51,0,11,4,0,276,0,27,0,0,0
kingmi01,2020,1,Michael King,25,NYY,AL,3,4,27,8,0,0,1,184.8,68,48,12,27,61,0,7.01,0,1,4,0,282,0,49,0,0,0
buttrty01,2020,1,Ty Buttrey,27,LAA,AL,4,6,56,0,0,0,9,183.9,65,39,10,24,48,0,5.73,5,4,3,0,267,0,41,0,0,0
jackslu01,2020,1,Luke Jackson,28,ATL,NL,4,1,43,0,0,0,1,183.9,82,44,7,30,51,0,6.46,0,6,4,0,299,0,49,0,0,0
thompry02,2020,1,Ryan Thompson,28,TBR,AL,3,4,53,3,0,0,2,183.9,66,32,10,22,56,0,4.7,0,1,1,2,270,0,37,0,0,0
hatchto01,2020,1,Tom Hatch,25,TOR,AL,6,3,40,3,0,0,1,183.9,49,24,7,30,56,0,3.52,0,1,4,0,262,0,30,0,0,0
smithjo07,2020,1,Josh A. Smith,32,MIA,NL,3,3,39,3,0,0,2,183.9,73,44,8,27,48,0,6.46,4,1,3,0,282,0,46,0,0,0
crichst01,2020,1,Stefan Crichton,28,ARI,NL,4,4,55,0,0,0,9,183.3,55,23,5,23,56,0,3.39,7,4,8,0,262,0,24,0,0,0
slegeaa01,2020,1,Aaron Slegers,27,TBR,AL,1,1,31,3,0,0,4,183.3,49,28,5,17,49,0,4.12,4,1,4,0,249,0,29,0,0,0
clippty01,2020,1,Tyler Clippard,35,MIN,AL,4,3,55,5,0,0,1,183.3,50,24,7,15,61,0,3.54,0,4,1,0,245,0,27,0,0,0
lopezre01,2020,1,Reynaldo Lopez,26,CHW,AL,2,6,16,16,0,0,0,183,65,43,19,34,57,0,6.34,0,2,3,0,283,0,47,0,0,0
smylydr01,2020,1,Drew Smyly,31,SFG,NL,1,3,11,11,0,0,0,183,50,26,6,23,91,0,3.84,0,2,1,0,264,0,28,0,0,0
treinbl01,2020,1,Blake Treinen,32,LAD,NL,6,6,56,0,0,0,2,177.6,56,29,5,22,54,0,4.41,2,4,4,0,256,0,36,0,0,0
bassan01,2020,1,Anthony Bass,32,TOR,AL,4,6,54,0,0,0,12,177.6,46,27,7,23,52,0,4.1,4,1,1,0,245,0,33,0,0,0
diazed04,2020,1,Edwin Diaz,26,NYM,NL,4,3,54,0,0,0,10,177.6,48,19,7,31,98,0,2.89,0,3,4,0,261,0,22,0,0,0
staumjo01,2020,1,Josh Staumont,26,KCR,AL,4,3,54,0,0,0,1,177.6,51,22,7,34,78,0,3.34,0,3,6,0,264,0,25,0,0,0
greench03,2020,1,Chad Green,29,NYY,AL,6,6,48,0,0,0,2,177.6,40,27,11,22,70,0,4.1,4,6,1,0,245,0,33,0,0,0
lakintr01,2020,1,Travis Lakins,26,BAL,AL,6,4,48,0,0,0,2,177.6,59,24,7,30,58,0,3.65,0,6,4,0,271,0,30,0,0,0
simslu01,2020,1,Lucas Sims,26,CIN,NL,6,1,45,0,0,0,1,177.6,40,22,8,26,73,0,3.34,0,1,6,0,250,0,28,0,0,0
yamagsh01,2020,1,Shun Yamaguchi,32,TOR,AL,4,8,40,0,0,0,1,177.6,64,48,13,36,60,0,7.3,0,4,4,2,277,0,52,0,0,0
breweco01,2020,1,Colten Brewer,27,BOS,AL,1,6,30,8,0,0,1,177.6,69,37,13,31,58,0,5.63,0,3,3,0,280,0,39,0,0,0
akinke01,2020,1,Keegan Akin,25,BAL,AL,2,5,12,12,0,0,0,177,63,31,8,24,78,0,4.73,0,1,3,2,271,0,40,0,0,0
hernael01,2020,1,Elieser Hernandez,25,MIA,NL,2,1,12,12,0,0,0,177,51,24,12,15,76,0,3.66,0,1,5,0,252,0,26,0,0,0
cahiltr01,2020,1,Trevor Cahill,32,SFG,NL,2,5,12,12,0,0,0,177,42,24,8,32,70,0,3.66,0,2,5,0,252,0,26,0,0,0
junisja01,2020,1,Jakob Junis,27,KCR,AL,1,5,12,12,0,0,0,177,78,41,15,17,47,0,6.25,2,4,5,2,267,0,41,0,0,0
hendrli01,2020,1,Liam Hendriks,31,OAK,AL,6,3,51,0,0,0,23,177,41,19,5,14,77,0,2.9,2,1,1,0,232,0,22,0,0,0
wislema01,2020,1,Matt Wisler,27,MIN,AL,1,3,41,8,0,0,2,177,43,16,7,31,74,0,2.44,0,3,4,2,256,0,17,0,0,0
loupaa01,2020,1,Aaron Loup,32,TBR,AL,6,4,51,0,0,0,1,176.4,46,22,8,15,53,0,3.37,0,1,6,0,238,0,26,0,0,0
wendejb01,2020,1,J.B. Wendelken,27,OAK,AL,3,3,46,0,0,0,1,176.4,46,19,7,26,68,0,2.91,0,4,1,0,254,0,25,0,0,0
shrevch01,2020,1,Chasen Shreve,29,NYM,NL,3,1,40,0,0,0,1,176.4,46,29,10,28,73,0,4.44,0,1,1,0,248,0,31,0,0,0
brasiry01,2020,1,Ryan Brasier,32,BOS,AL,3,1,52,3,0,0,1,176.4,57,29,7,26,66,0,4.44,2,3,1,3,260,0,31,0,0,0
curtijo02,2020,1,John Curtiss,27,TBR,AL,6,1,40,7,0,0,4,176.4,53,19,8,14,58,0,2.91,0,1,4,0,243,0,23,0,0,0
howarsp01,2020,1,Spencer Howard,23,PHI,NL,2,4,12,12,0,0,0,171,68,37,13,24,54,0,5.84,0,1,3,0,263,0,39,0,0,0
toussto01,2020,1,Touki Toussaint,24,ATL,NL,1,4,11,11,0,0,0,171,62,52,15,35,68,0,8.21,0,4,10,0,277,0,60,0,0,0
oviedjo01,2020,1,Johan Oviedo,22,STL,NL,1,6,11,11,0,0,0,171,57,35,8,24,41,0,5.53,0,8,10,0,262,0,41,0,0,0
castrmi01,2020,1,Miguel Castro,25,TOT,MLB,4,4,54,0,0,0,2,170.7,63,28,10,29,78,0,4.43,0,1,3,0,266,0,31,0,0,0
finneky01,2020,1,Kyle Finnegan,28,WSN,NL,2,1,52,0,0,0,1,170.7,52,24,7,29,61,0,3.8,7,4,3,0,253,0,28,0,0,0
hunteto02,2020,1,Tommy Hunter,33,PHI,NL,1,3,50,0,0,0,2,170.7,54,28,7,18,58,0,4.43,0,1,6,0,245,0,29,0,0,0
bardda01,2020,1,Daniel Bard,35,COL,NL,7,4,49,0,0,0,10,170.7,54,27,7,24,61,0,4.27,4,2,6,0,251,0,28,0,0,0
janseke01,2020,1,Kenley Jansen,32,LAD,NL,6,3,55,0,0,0,18,169.8,49,25,7,23,70,0,3.98,0,1,6,0,245,0,29,0,0,0
florody01,2020,1,Dylan Floro,29,LAD,NL,6,1,52,0,0,0,1,169.8,55,22,5,15,48,0,3.5,2,2,1,0,238,0,23,0,0,0
kintzbr01,2020,1,Brandon Kintzler,35,MIA,NL,4,6,50,0,0,0,20,169.8,52,20,8,26,40,0,3.18,5,1,1,0,243,0,23,0,0,0
estevca01,2020,1,Carlos Estevez,27,COL,NL,2,6,54,0,0,0,2,169.2,71,43,13,23,61,0,6.86,0,4,6,0,267,0,45,0,0,0
dolisra01,2020,1,Rafael Dolis,32,TOR,AL,4,4,50,0,0,0,9,169.2,44,17,5,31,67,0,2.71,0,6,3,0,241,0,26,0,0,0
stammcr01,2020,1,Craig Stammen,36,SDP,NL,7,4,50,0,0,0,1,169.2,61,35,7,15,49,0,5.59,0,1,4,0,249,0,37,0,0,0
duffety01,2020,1,Tyler Duffey,29,MIN,AL,2,3,47,0,0,0,1,169.2,39,19,7,18,67,0,3.03,0,1,3,0,228,0,21,0,0,0
alcaljo01,2020,1,Jorge Alcala,24,MIN,AL,4,3,38,0,0,0,1,169.2,52,22,8,21,61,0,3.51,0,2,1,0,231,0,24,0,0,0
guerrju02,2020,1,Junior Guerra,35,ARI,NL,2,4,52,0,0,0,0,163.5,45,23,5,32,50,0,3.8,4,4,4,0,243,0,27,0,0,0
wittgni01,2020,1,Nick Wittgren,29,CLE,AL,4,1,52,0,0,0,0,163.5,46,25,10,18,62,0,4.13,4,1,9,0,235,0,26,0,0,0
kinlety01,2020,1,Tyler Kinley,29,COL,NL,1,4,50,0,0,0,0,163.5,38,33,6,27,58,0,5.45,0,7,6,0,232,0,35,0,0,0
harpery01,2020,1,Ryne Harper,31,WSN,NL,2,1,48,0,0,0,0,163.5,64,42,11,23,57,0,6.94,4,4,3,0,254,0,45,0,0,0
rosentr01,2020,1,Trevor Rosenthal,30,TOT,MLB,2,1,48,0,0,0,18,163.5,37,18,6,21,78,0,2.97,0,1,3,2,224,0,21,0,0,0
suerowa01,2020,1,Wander Suero,28,WSN,NL,4,1,47,0,0,0,0,163.5,50,26,5,24,62,0,4.29,4,4,6,0,241,0,27,0,0,0
heuerco01,2020,1,Codi Heuer,23,CHW,AL,6,1,45,0,0,0,2,163.5,37,17,5,23,57,0,2.81,0,1,1,0,225,0,18,0,0,0
scruban01,2020,1,Andre Scrubb,25,HOU,AL,2,1,44,0,0,0,2,163.5,42,18,5,40,55,0,2.97,2,2,1,0,241,0,19,0,0,0
coleaj01,2020,1,A.J. Cole,28,TOR,AL,6,1,50,0,0,0,2,162.9,48,23,8,22,49,0,3.81,4,6,1,0,230,0,26,0,0,0
maytr01,2020,1,Trevor May,30,MIN,AL,2,1,50,0,0,0,4,162.9,50,26,11,19,78,0,4.31,0,4,1,0,232,0,29,0,0,0
rodriri05,2020,1,Richard Rodriguez,30,PIT,NL,6,4,50,0,0,0,7,162.9,42,21,8,16,71,0,3.48,0,6,4,0,227,0,24,0,0,0
yardler01,2020,1,Eric Yardley,29,MIL,NL,4,1,50,0,0,0,0,162.9,48,17,6,24,47,0,2.82,0,1,3,0,233,0,21,0,0,0
jeffrje01,2020,1,Jeremy Jeffress,32,CHC,NL,7,3,47,0,0,0,13,162.9,34,17,5,27,44,0,2.82,2,1,4,0,219,0,19,0,0,0
trivilo01,2020,1,Lou Trivino,28,OAK,AL,1,1,44,0,0,0,0,162.9,43,26,8,24,58,0,4.31,0,2,1,0,227,0,27,0,0,0
gratebr01,2020,1,Brusdar Graterol,21,LAD,NL,2,4,48,5,0,0,0,162.9,46,23,5,13,38,0,3.81,0,1,6,0,219,0,26,0,0,0
sotogr01,2020,1,Gregory Soto,25,DET,AL,1,3,55,0,0,0,4,162.3,43,28,6,29,63,0,4.66,0,6,4,0,234,0,29,0,0,0
barnema01,2020,1,Matt Barnes,30,BOS,AL,2,6,50,0,0,0,15,162.3,46,28,10,30,66,0,4.66,2,7,4,0,241,0,32,0,0,0
iglesra01,2020,1,Raisel Iglesias,30,CIN,NL,7,6,47,0,0,0,13,162.3,43,21,5,16,66,0,3.49,2,1,3,2,223,0,29,0,0,0
zimmeky01,2020,1,Kyle Zimmer,28,KCR,AL,2,1,37,3,0,0,0,162.3,40,17,3,24,58,0,2.83,0,4,3,0,223,0,17,0,0,0
loaisjo01,2020,1,Jonathan Loaisiga,25,NYY,AL,6,1,31,6,0,0,0,162.3,51,25,8,19,52,0,4.16,2,2,7,0,238,0,29,0,0,0
urenajo01,2020,1,Jose Urena,28,MIA,NL,1,6,10,10,0,0,0,162,52,33,10,30,39,0,5.5,0,2,4,0,244,0,35,0,0,0
jimenjo02,2020,1,Joe Jimenez,25,DET,AL,2,6,51,0,0,0,8,156.6,57,39,14,17,51,0,6.72,0,2,9,0,236,0,41,0,0,0
marshev01,2020,1,Evan Marshall,30,CHW,AL,4,3,48,0,0,0,0,156.6,44,19,5,19,64,0,3.28,0,4,1,0,224,0,20,0,0,0
melanma01,2020,1,Mark Melancon,35,ATL,NL,4,3,48,0,0,0,18,156.6,52,21,5,19,39,0,3.62,5,2,4,0,227,0,23,0,0,0
sulseco01,2020,1,Cole Sulser,30,BAL,AL,2,9,41,0,0,0,8,156.6,44,32,6,35,47,0,5.52,2,2,1,0,235,0,39,0,0,0
leblawa01,2020,1,Wade LeBlanc,35,BAL,AL,2,1,12,12,0,0,0,156,61,44,13,20,34,0,7.62,0,0,3,2,240,0,44,0,0,0
codyky01,2020,1,Kyle Cody,25,TEX,AL,2,3,10,10,0,0,0,156,39,13,4,29,44,0,2.25,0,6,1,0,220,0,16,0,0,0
givenmy01,2020,1,Mychal Givens,30,TOT,MLB,2,3,46,0,0,0,2,155.7,42,24,11,24,56,0,4.16,0,4,4,0,223,0,27,0,0,0
soriajo01,2020,1,Joakim Soria,36,OAK,AL,4,4,46,0,0,0,4,155.7,46,21,5,24,54,0,3.64,5,1,1,0,228,0,23,0,0,0
colomal01,2020,1,Alex Colome,31,CHW,AL,4,1,45,0,0,0,20,155.7,38,13,3,21,42,0,2.25,0,1,3,0,219,0,15,0,0,0
hartlge01,2020,1,Geoff Hartlieb,26,PIT,NL,2,1,45,0,0,0,0,155.7,42,24,5,38,46,0,4.16,0,4,6,0,236,0,28,0,0,0
vinceni01,2020,1,Nick Vincent,33,MIA,NL,2,4,45,0,0,0,5,155.7,54,27,11,17,43,0,4.68,0,1,3,0,222,0,28,0,0,0
cabrege01,2020,1,Genesis Cabrera,23,STL,NL,7,3,41,0,0,0,2,155.7,33,19,8,33,67,0,3.29,0,6,7,0,228,0,25,0,0,0
hugheja02,2020,1,Jared Hughes,34,NYM,NL,2,4,40,0,0,0,0,155.7,54,29,8,30,50,0,5.03,4,1,9,0,249,0,38,0,0,0
baragca01,2020,1,Caleb Baragar,26,SFG,NL,9,3,49,3,0,0,0,155.7,44,26,8,16,46,0,4.51,0,2,3,0,215,0,27,0,0,0
benjawe01,2020,1,Wes Benjamin,26,TEX,AL,4,3,24,3,0,0,0,155.7,55,29,9,19,50,0,5.03,0,1,1,0,231,0,30,0,0,0
handbr01,2020,1,Brad Hand,30,CLE,AL,4,3,48,0,0,0,26,155.1,37,18,3,14,62,0,3.13,0,2,4,0,212,0,23,0,0,0
zuberty01,2020,1,Tyler Zuber,25,KCR,AL,2,4,48,0,0,0,0,155.1,41,26,9,40,64,0,4.53,2,2,3,0,233,0,28,0,0,0
frypa01,2020,1,Paul Fry,27,BAL,AL,2,1,46,0,0,0,0,155.1,52,19,8,22,62,0,3.31,0,6,3,0,231,0,22,0,0,0
paganem01,2020,1,Emilio Pagan,29,SDP,NL,1,3,46,0,0,0,4,155.1,39,27,9,22,53,0,4.7,0,1,1,0,213,0,28,0,0,0
newbeja01,2020,1,Jake Newberry,25,KCR,AL,2,1,43,0,0,0,2,155.1,49,26,8,27,54,0,4.53,0,6,4,0,225,0,30,0,0,0
ynoahu01,2020,1,Huascar Ynoa,22,ATL,NL,0,1,10,10,0,0,0,150,53,32,6,29,42,0,5.76,2,4,4,2,233,0,33,0,0,0
kellemi03,2020,1,Mitch Keller,24,PIT,NL,2,3,10,10,0,0,0,150,27,19,9,39,40,0,3.42,0,4,3,0,208,0,19,0,0,0
alzolad01,2020,1,Adbert Alzolay,25,CHC,NL,2,3,8,8,0,0,0,150,32,19,4,29,64,0,3.42,0,2,3,0,208,0,21,0,0,0
garcibr01,2020,1,Bryan Garcia,25,DET,AL,4,3,52,0,0,0,7,149.4,45,16,3,23,35,0,2.89,0,2,3,0,220,0,20,0,0,0
petityu01,2020,1,Yusmeiro Petit,35,OAK,AL,4,3,52,0,0,0,0,149.4,46,16,8,15,43,0,2.89,0,1,1,0,212,0,17,0,0,0
turleni01,2020,1,Nik Turley,30,PIT,NL,1,6,51,0,0,0,2,149.4,37,29,5,25,47,0,5.24,2,2,6,2,219,0,31,0,0,0
nerishe01,2020,1,Hector Neris,31,PHI,NL,4,4,49,0,0,0,8,149.4,54,27,3,28,59,0,4.88,3,6,1,2,236,0,34,0,0,0
matonph01,2020,1,Phil Maton,27,CLE,AL,6,6,47,0,0,0,0,149.4,53,27,5,17,67,0,4.88,2,2,7,0,225,0,33,0,0,0
castidi01,2020,1,Diego Castillo,26,TBR,AL,6,1,46,0,0,0,7,149.4,35,16,8,25,52,0,2.89,0,1,3,0,214,0,17,0,0,0
minteaj01,2020,1,A.J. Minter,26,ATL,NL,2,3,46,0,0,0,0,149.4,40,13,5,22,54,0,2.35,3,2,1,0,208,0,15,0,0,0
webbty01,2020,1,Tyler Webb,29,STL,NL,2,3,44,0,0,0,2,149.4,43,17,6,19,46,0,3.07,0,2,1,0,211,0,18,0,0,0
holdejo02,2020,1,Jonathan Holder,27,NYY,AL,6,1,39,0,0,0,0,149.4,56,29,8,25,38,0,5.24,2,2,1,0,233,0,31,0,0,0
cessalu01,2020,1,Luis Cessa,28,NYY,AL,1,1,36,0,0,0,2,149.4,48,22,6,19,43,0,3.98,0,2,1,2,220,0,26,0,0,0
farmebu01,2020,1,Buck Farmer,29,DET,AL,2,1,47,0,0,0,0,148.8,48,24,8,15,38,0,4.35,0,2,1,0,214,0,25,0,0,0
diekmja01,2020,1,Jake Diekman,33,OAK,AL,4,1,44,0,0,0,0,148.8,29,11,5,27,65,0,2,2,1,3,0,206,0,13,0,0,0
hoffmje02,2020,1,Jeff Hoffman,27,COL,NL,4,3,36,0,0,0,2,148.8,67,45,8,22,47,0,8.17,2,7,4,0,238,0,47,0,0,0
pressry01,2020,1,Ryan Pressly,31,HOU,AL,2,6,47,0,0,0,20,148.2,50,22,6,19,62,0,4.01,2,2,3,0,216,0,26,0,0,0
howarsa01,2020,1,Sam Howard,27,PIT,NL,4,6,46,0,0,0,0,148.2,43,24,9,22,58,0,4.37,0,1,6,0,215,0,26,0,0,0
ramirno01,2020,1,Noe Ramirez,30,LAA,AL,2,1,44,0,0,0,0,148.2,40,20,6,22,38,0,3.64,3,2,3,0,207,0,21,0,0,0
kayan01,2020,1,Anthony Kay,25,TOR,AL,4,1,31,0,0,0,0,148.2,51,28,8,30,50,0,5.1,2,1,1,0,228,0,31,0,0,0
woodfja01,2020,1,Jake Woodford,23,STL,NL,2,1,30,3,0,0,0,148.2,48,30,14,15,41,0,5.47,0,2,1,0,207,0,31,0,0,0
garciro03,2020,1,Rony Garcia,22,DET,AL,2,1,34,5,0,0,0,148.2,56,40,14,22,38,0,7.29,0,2,1,0,224,0,42,0,0,0
scottta01,2020,1,Tanner Scott,25,BAL,AL,1,1,50,0,0,0,2,142.5,35,14,4,23,52,0,2.65,0,7,6,0,206,0,18,0,0,0
mcfartj01,2020,1,T.J. McFarland,31,OAK,AL,4,1,47,0,0,0,0,142.5,57,25,11,15,29,0,4.74,0,2,3,0,215,0,26,0,0,0
pareden01,2020,1,Enoli Paredes,24,HOU,AL,6,6,45,0,0,0,0,142.5,44,20,4,25,47,0,3.79,0,1,3,0,212,0,24,0,0,0
phelpda01,2020,1,David Phelps,33,TOT,NL,4,7,45,0,0,0,0,142.5,46,33,14,15,64,0,6.25,0,2,3,0,204,0,35,0,0,0
taylobl01,2020,1,Blake Taylor,24,HOU,AL,4,3,45,0,0,0,2,142.5,36,17,6,26,42,0,3.22,2,2,1,2,207,0,21,0,0,0
hudsoda01,2020,1,Daniel Hudson,33,WSN,NL,6,4,44,0,0,0,16,142.5,39,31,12,25,60,0,5.87,0,1,6,0,215,0,34,0,0,0
teperry01,2020,1,Ryan Tepera,32,CHC,NL,1,3,44,0,0,0,0,142.5,43,23,6,26,64,0,4.36,0,2,3,0,211,0,24,0,0,0
strahma01,2020,1,Matt Strahm,28,SDP,NL,1,3,40,0,0,0,0,142.5,38,19,8,13,39,0,3.6,0,2,9,0,201,0,19,0,0,0
underdu01,2020,1,Duane Underwood Jr.,25,CHC,NL,2,1,37,0,0,0,0,142.5,55,30,11,17,58,0,5.68,2,4,3,0,209,0,31,0,0,0
ramiryo01,2020,1,Yohan Ramirez,25,SEA,AL,1,1,36,0,0,0,5,142.5,30,19,8,39,56,0,3.6,2,4,7,0,219,0,19,0,0,0
nelsoni01,2020,1,Nick Nelson,24,NYY,AL,2,1,28,0,0,0,0,142.5,47,27,9,25,44,0,5.12,0,1,1,0,212,0,31,0,0,0
mcgeeja01,2020,1,Jake McGee,33,LAD,NL,6,3,48,0,0,0,0,141.6,38,18,6,12,67,0,3.43,0,1,1,0,194,0,19,0,0,0
altavda01,2020,1,Dan Altavilla,27,TOT,MLB,4,6,45,0,0,0,2,141.6,44,30,8,26,53,0,5.72,0,4,1,0,210,0,32,0,0,0
raineta01,2020,1,Tanner Rainey,27,WSN,NL,2,3,42,0,0,0,0,141.6,28,18,9,18,66,0,3.43,2,6,3,2,188,0,19,0,0,0
sprinje01,2020,1,Jeffrey Springs,27,BOS,AL,1,4,36,0,0,0,0,141.6,63,34,11,18,59,0,6.48,2,4,3,0,226,0,38,0,0,0
gonzavi02,2020,1,Victor Gonzalez,24,LAD,NL,6,1,34,3,0,0,0,141.6,36,14,3,10,51,0,2.67,0,4,6,0,196,0,14,0,0,0
paxtoja01,2020,1,James Paxton,31,NYY,AL,2,2,10,10,0,0,0,141,53,34,9,18,58,0,6.51,0,4,2,0,212,0,38,0,0,0
martica04,2020,1,Carlos Martinez,28,STL,NL,0,6,10,10,0,0,0,141,70,47,13,23,41,0,9,4,0,1,0,238,0,55,0,0,0
diazja01,2020,1,Jairo Diaz,29,COL,NL,2,4,48,0,0,0,7,141,65,36,9,29,42,0,6.89,2,4,6,0,237,0,43,0,0,0
johnspi01,2020,1,Pierce Johnson,29,SDP,NL,6,3,48,0,0,0,0,141,39,18,6,21,58,0,3.45,0,2,1,2,195,0,21,0,0,0
romose01,2020,1,Sergio Romo,37,MIN,AL,2,4,48,0,0,0,8,141,41,23,8,18,51,0,4.4,0,1,6,0,207,0,24,0,0,0
rondohe01,2020,1,Hector Rondon,32,ARI,NL,2,1,47,0,0,0,0,141,55,36,12,25,51,0,6.89,3,6,3,0,223,0,38,0,0,0
cishest01,2020,1,Steve Cishek,34,CHW,AL,1,1,45,0,0,0,0,141,49,28,9,21,48,0,5.36,0,1,7,0,216,0,29,0,0,0
misiean01,2020,1,Anthony Misiewicz,25,SEA,AL,1,4,44,0,0,0,0,141,47,23,6,17,55,0,4.4,2,4,3,0,200,0,24,0,0,0
raleybr01,2020,1,Brooks Raley,32,TOT,MLB,1,3,44,0,0,0,2,141,36,26,8,17,58,0,4.98,0,1,7,0,202,0,29,0,0,0
rogerta01,2020,1,Taylor Rogers,29,MIN,AL,4,7,44,0,0,0,15,141,57,23,6,13,53,0,4.4,0,2,3,0,213,0,32,0,0,0
thielca01,2020,1,Caleb Thielbar,33,MIN,AL,4,3,37,0,0,0,0,141,38,17,3,21,50,0,3.26,0,4,1,0,199,0,19,0,0,0
widenta01,2020,1,Taylor Widener,25,ARI,NL,1,3,29,0,0,0,0,141,38,25,11,26,50,0,4.79,2,1,6,0,208,0,26,0,0,0
wilsoju10,2020,1,Justin Wilson,32,NYM,NL,4,3,46,0,0,0,0,135.3,43,21,4,21,51,0,4.19,2,5,3,0,202,0,25,0,0,0
workmbr01,2020,1,Brandon Workman,31,TOT,MLB,2,7,43,0,0,0,15,135.3,64,29,9,28,51,0,5.79,3,1,1,0,226,0,32,0,0,0
lopezyo01,2020,1,Yoan L√≥pez,27,ARI,NL,1,3,42,0,0,0,0,135.3,48,29,9,21,40,0,5.79,3,1,1,2,204,0,33,0,0,0
fryja01,2020,1,Jace Fry,26,CHW,AL,1,3,38,0,0,0,0,135.3,40,21,7,26,52,0,4.19,3,2,1,0,198,0,24,0,0,0
detwiro01,2020,1,Ross Detwiler,34,CHW,AL,2,3,35,0,0,0,0,135.3,45,20,6,15,38,0,3.99,2,2,3,0,194,0,22,0,0,0
briceau01,2020,1,Austin Brice,28,BOS,AL,2,1,43,3,0,0,0,135.3,42,29,7,28,54,0,5.79,0,2,4,0,204,0,30,0,0,0
hergeji01,2020,1,Jimmy Herget,26,TEX,AL,2,1,42,3,0,0,0,135.3,35,20,6,29,41,0,3.99,2,1,4,0,204,0,20,0,0,0
reyesal02,2020,1,Alex Reyes,25,STL,NL,4,3,34,3,0,0,2,135.3,37,20,4,29,57,0,3.99,2,4,1,0,202,0,25,0,0,0
gonzach01,2020,1,Chi Chi Gonzalez,28,COL,NL,0,4,8,8,0,0,0,135,51,34,7,23,39,0,6.8,0,4,6,0,212,0,36,0,0,0
novaiv01,2020,1,Ivan Nova,33,DET,AL,2,2,8,8,0,0,0,135,51,39,9,21,25,0,7.8,0,4,1,0,206,0,40,0,0,0
selmasa01,2020,1,Sam Selman,29,SFG,NL,2,3,48,0,0,0,2,134.7,35,21,6,21,51,0,4.21,0,4,4,0,196,0,22,0,0,0
sadleca02,2020,1,Casey Sadler,29,TOT,MLB,2,4,37,0,0,0,0,134.7,38,26,7,26,48,0,5.21,0,9,1,0,202,0,30,0,0,0
beeksja02,2020,1,Jalen Beeks,26,TBR,AL,2,3,29,0,0,0,2,134.7,48,20,4,13,56,0,4.01,0,4,1,0,194,0,24,0,0,0
morejad01,2020,1,Adri√°n Morej√≥n,21,SDP,NL,4,4,24,8,0,0,0,134.7,46,24,14,13,54,0,4.81,0,1,1,0,191,0,27,0,0,0
hembrhe01,2020,1,Heath Hembree,31,TOT,MLB,6,1,45,0,0,0,0,134.1,56,39,17,19,46,0,7.85,0,1,4,0,208,0,40,0,0,0
haderjo01,2020,1,Josh Hader,26,MIL,NL,2,4,43,0,0,0,21,134.1,27,21,7,23,63,0,4.23,0,4,6,0,189,0,22,0,0,0
brittza01,2020,1,Zack Britton,32,NYY,AL,2,4,41,0,0,0,13,134.1,34,15,3,18,39,0,3.02,0,7,1,0,186,0,19,0,0,0
claudal01,2020,1,Alex Claudio,28,MIL,NL,1,1,41,0,0,0,2,134.1,43,23,6,16,38,0,4.63,0,4,3,0,194,0,25,0,0,0
kolarad01,2020,1,Adam Kolarek,31,LAD,NL,6,1,41,0,0,0,2,134.1,32,12,4,13,35,0,2.42,0,4,1,0,179,0,12,0,0,0
neverdo01,2020,1,Dovydas Neverauskas,27,PIT,NL,1,6,37,0,0,0,0,134.1,53,32,11,23,51,0,6.44,0,4,1,0,207,0,36,0,0,0
chatwty01,2020,1,Tyler Chatwood,30,CHC,NL,4,4,10,10,0,0,0,129,50,26,5,21,55,0,5.44,0,2,1,0,200,0,26,0,0,0
kremede01,2020,1,Dean Kremer,24,BAL,AL,2,2,8,8,0,0,0,129,37,24,2,27,50,0,5.02,0,0,1,0,195,0,24,0,0,0
jonesna01,2020,1,Nate Jones,34,CIN,NL,1,2,43,0,0,0,0,128.4,54,29,11,16,50,0,6.1,2,4,4,0,199,0,30,0,0,0
pomerdr01,2020,1,Drew Pomeranz,31,SDP,NL,2,1,41,0,0,0,7,128.4,28,13,4,22,60,0,2.73,0,1,1,0,178,0,14,0,0,0
ferguca01,2020,1,Caleb Ferguson,23,LAD,NL,4,2,43,3,0,0,0,128.4,39,18,9,11,56,0,3.79,0,1,1,0,181,0,20,0,0,0
graveke01,2020,1,Kendall Graveman,29,SEA,AL,2,6,27,4,0,0,0,128.4,38,27,6,19,37,0,5.68,0,1,1,0,185,0,30,0,0,0
ottavad01,2020,1,Adam Ottavino,34,NYY,AL,4,6,47,0,0,0,0,127.5,46,27,6,21,53,0,5.72,0,2,2,0,197,0,28,0,0,0
garream01,2020,1,Amir Garrett,28,CIN,NL,2,1,43,0,0,0,2,127.5,30,16,9,18,55,0,3.39,0,1,1,0,171,0,17,0,0,0
garcija04,2020,1,Jarlin Garcia,27,SFG,NL,4,2,39,0,0,0,0,127.5,31,10,3,18,36,0,2.12,2,1,4,2,178,0,18,0,0,0
hillca02,2020,1,Cam Hill,26,CLE,AL,4,1,38,0,0,0,2,127.5,31,24,9,14,39,0,5.08,2,1,4,0,176,0,26,0,0,0
winklda01,2020,1,Dan Winkler,30,CHC,NL,1,1,38,0,0,0,0,127.5,31,18,7,24,42,0,3.81,0,1,2,2,183,0,20,0,0,0
bradlar01,2020,1,Archie Bradley,27,TOT,NL,4,1,35,0,0,0,10,127.5,41,18,4,11,42,0,3.81,0,1,2,0,178,0,18,0,0,0
smithri01,2020,1,Riley Smith,25,ARI,NL,4,1,19,0,0,0,0,127.5,38,13,4,14,42,0,2.75,0,1,1,0,173,0,14,0,0,0
osichjo01,2020,1,Josh Osich,31,TOT,MLB,2,2,36,3,0,0,0,127.5,47,29,12,14,52,0,6.14,0,1,4,0,199,0,34,0,0,0
boxbebr01,2020,1,Brad Boxberger,32,MIA,NL,2,1,46,0,0,0,0,126.9,41,18,7,19,42,0,3.83,0,1,2,0,187,0,20,0,0,0
hillti01,2020,1,Tim Hill,30,SDP,NL,5,1,46,0,0,0,0,126.9,41,22,7,16,45,0,4.68,2,2,4,2,187,0,23,0,0,0
perezol01,2020,1,Oliver Perez,38,CLE,AL,2,2,43,0,0,0,2,126.9,34,14,2,16,36,0,2.98,5,1,6,0,176,0,17,0,0,0
watsoto01,2020,1,Tony Watson,35,SFG,NL,2,1,43,0,0,0,4,126.9,34,16,7,11,37,0,3.4,0,1,2,0,178,0,21,0,0,0
martich02,2020,1,Chris Martin,34,ATL,NL,2,2,39,0,0,0,2,126.9,26,11,4,11,45,0,2.34,2,1,2,0,166,0,13,0,0,0
barneja01,2020,1,Jacob Barnes,30,LAA,AL,1,4,38,0,0,0,0,126.9,44,26,4,13,52,0,5.53,0,1,4,0,186,0,29,0,0,0
pearsna01,2020,1,Nate Pearson,23,TOR,AL,2,1,8,8,0,0,0,126,35,28,11,28,38,0,6,0,2,1,0,190,0,34,0,0,0
harriwi10,2020,1,Will Harris,35,WSN,NL,1,2,41,0,0,0,2,121.2,47,17,7,20,46,0,3.79,0,2,1,0,192,0,23,0,0,0
montera01,2020,1,Rafael Montero,29,TEX,AL,1,2,36,0,0,0,13,121.2,32,20,6,16,43,0,4.46,0,1,2,0,173,0,26,0,0,0
wagueja01,2020,1,Jacob Waguespack,26,TOR,AL,1,1,26,0,0,0,0,121.2,56,33,6,20,38,0,7.35,0,1,4,0,202,0,40,0,0,0
wickro01,2020,1,Rowan Wick,27,CHC,NL,1,2,39,0,0,0,7,120.6,42,17,4,16,44,0,3.81,2,1,1,0,176,0,18,0,0,0
hahnje01,2020,1,Jesse Hahn,30,KCR,AL,2,1,37,0,0,0,5,120.6,19,9,2,19,43,0,2.01,0,4,2,0,162,0,10,0,0,0
sneedcy01,2020,1,Cy Sneed,27,HOU,AL,1,6,37,0,0,0,0,120.6,48,25,7,22,46,0,5.6,3,2,1,0,190,0,32,0,0,0
hearnta01,2020,1,Taylor Hearn,25,TEX,AL,1,1,31,0,0,0,0,120.6,34,19,6,24,49,0,4.25,0,4,2,0,179,0,21,0,0,0
funkhky01,2020,1,Kyle Funkhouser,26,DET,AL,2,2,29,0,0,0,0,120.6,48,30,7,24,32,0,6.72,0,2,1,0,187,0,31,0,0,0
patinlu01,2020,1,Luis Patino,20,SDP,NL,2,1,26,3,0,0,0,120.6,42,24,7,28,46,0,5.37,0,2,2,0,194,0,24,0,0,0
perdolu02,2020,1,Luis Perdomo,27,SDP,NL,1,1,25,3,0,0,0,120.6,34,25,7,22,38,0,5.6,0,1,1,0,176,0,27,0,0,0
jamesjo02,2020,1,Josh James,27,HOU,AL,2,1,29,4,0,0,0,120.6,37,30,9,33,46,0,6.72,0,4,4,0,190,0,31,0,0,0
houckta01,2020,1,Tanner Houck,24,BOS,AL,6,0,6,6,0,0,0,120,19,6,3,21,47,0,1.35,0,2,2,0,154,0,9,0,0,0
ponceco01,2020,1,Cody Ponce,26,PIT,NL,2,2,6,6,0,0,0,120,31,16,11,15,30,0,3.6,0,0,0,0,160,0,18,0,0,0
baezpe01,2020,1,Pedro Baez,32,LAD,NL,1,1,37,0,0,0,4,120,29,17,6,17,33,0,3.83,0,1,1,0,169,0,21,0,0,0
chaveje01,2020,1,Jesse Chavez,36,TEX,AL,1,1,37,0,0,0,0,120,45,28,12,17,33,0,6.3,0,1,2,0,181,0,29,0,0,0
santade01,2020,1,Dennis Santana,24,LAD,NL,2,4,28,0,0,0,0,120,37,24,9,17,41,0,5.4,0,2,4,0,174,0,26,0,0,0
haleda02,2020,1,David Hale,32,TOT,MLB,1,1,26,4,0,0,2,120,50,19,6,12,35,0,4.28,0,1,1,0,177,0,19,0,0,0
bleieri01,2020,1,Richard Bleier,33,TOT,MLB,2,2,42,0,0,0,0,114.3,35,14,2,12,29,0,3.31,2,4,2,0,162,0,17,0,0,0
borucry01,2020,1,Ryan Borucki,26,TOR,AL,2,2,42,0,0,0,0,114.3,31,15,4,25,45,0,3.54,2,1,1,0,171,0,16,0,0,0
robleha01,2020,1,Hansel Robles,29,LAA,AL,1,4,37,0,0,0,2,114.3,43,38,9,22,44,0,8.98,0,2,2,0,183,0,40,0,0,0
tatedi01,2020,1,Dillon Tate,26,BAL,AL,2,2,27,0,0,0,0,114.3,27,17,4,14,34,0,4.02,0,2,4,2,157,0,19,0,0,0
samarje01,2020,1,Jeff Samardzija,35,SFG,NL,0,4,8,8,0,0,0,114,47,39,15,11,18,0,9.24,0,0,4,0,179,0,41,0,0,0
fontwi01,2020,1,Wilmer Font,30,TOR,AL,2,6,42,0,0,0,0,113.4,57,36,5,20,36,0,8.57,0,2,2,0,190,0,38,0,0,0
anderni01,2020,1,Nick Anderson,29,TBR,AL,4,2,38,0,0,0,10,113.4,20,9,4,10,53,0,2.14,0,1,1,0,147,0,11,0,0,0
odayda01,2020,1,Darren O'Day,37,ATL,NL,7,1,38,0,0,0,0,113.4,25,10,4,14,47,0,2.38,0,1,6,0,162,0,13,0,0,0
lailbr01,2020,1,Brady Lail,26,TOT,AL,1,1,21,0,0,0,0,113.4,35,20,10,17,31,0,4.76,0,1,4,0,168,0,21,0,0,0
lockewa01,2020,1,Walker Lockett,26,TOT,MLB,2,1,19,3,0,0,0,113.4,46,22,5,12,29,0,5.24,0,1,4,0,171,0,22,0,0,0
thorple01,2020,1,Lewis Thorpe,24,MIN,AL,1,2,19,3,0,0,0,113.4,51,25,9,22,28,0,5.95,0,1,1,0,178,0,27,0,0,0
ginkeke01,2020,1,Kevin Ginkel,26,ARI,NL,1,4,38,0,0,0,2,112.8,46,26,7,26,40,0,6.22,3,7,1,0,180,0,28,0,0,0
smithwi04,2020,1,Will Smith,30,ATL,NL,4,4,37,0,0,0,0,112.8,30,20,13,12,40,0,4.79,0,1,1,0,153,0,20,0,0,0
parkebl01,2020,1,Blake Parker,35,PHI,NL,5,1,30,3,0,0,0,112.8,31,15,5,20,52,0,3.59,3,1,1,0,164,0,19,0,0,0
smeltde01,2020,1,Devin Smeltzer,24,MIN,AL,4,1,19,3,0,0,0,112.8,43,26,5,14,36,0,6.22,0,1,2,0,169,0,27,0,0,0
newsolj01,2020,1,Ljay Newsome,23,SEA,AL,0,2,8,8,0,0,0,108,45,21,9,5,24,0,5.25,0,0,2,0,160,0,21,0,0,0
ryanky01,2020,1,Kyle Ryan,28,CHC,NL,2,1,36,0,0,0,2,107.1,37,21,10,15,29,0,5.29,0,1,1,0,157,0,22,0,0,0
gerbejo01,2020,1,Joey Gerber,23,SEA,AL,2,2,35,0,0,0,0,107.1,32,18,4,13,21,0,4.54,0,2,2,0,150,0,20,0,0,0
schrejo01,2020,1,John Schreiber,26,DET,AL,1,2,32,0,0,0,0,107.1,42,24,5,12,33,0,6.05,2,1,2,0,163,0,25,0,0,0
guerrja01,2020,1,Javy Guerra,34,WSN,NL,1,1,30,0,0,0,0,107.1,42,18,5,17,32,0,4.54,0,1,1,0,163,0,19,0,0,0
tropeni01,2020,1,Nick Tropeano,29,PIT,NL,2,1,19,0,0,0,0,107.1,34,10,4,12,41,0,2.52,0,2,2,0,157,0,11,0,0,0
wilsobr02,2020,1,Bryse Wilson,22,ATL,NL,2,1,17,4,0,0,2,107.1,40,18,5,20,35,0,4.54,0,1,2,0,168,0,19,0,0,0
pivetni01,2020,1,Nick Pivetta,27,TOT,MLB,4,1,16,4,0,0,0,107.1,40,26,9,15,38,0,6.55,0,2,2,0,165,0,27,0,0,0
andersh01,2020,1,Shaun Anderson,25,SFG,NL,1,1,36,0,0,0,0,106.5,27,16,7,24,40,0,4.06,0,4,1,0,158,0,17,0,0,0
kimbrcr01,2020,1,Craig Kimbrel,32,CHC,NL,1,2,36,0,0,0,4,106.5,27,21,5,24,56,0,5.32,2,7,4,0,161,0,22,0,0,0
rasmudr01,2020,1,Drew Rasmussen,24,MIL,NL,2,1,27,0,0,0,0,106.5,39,23,7,20,45,0,5.83,0,1,1,0,165,0,23,0,0,0
gantjo01,2020,1,John Gant,27,STL,NL,1,6,35,0,0,0,0,105.9,26,13,2,16,40,0,3.31,0,2,1,0,148,0,17,0,0,0
gallegi01,2020,1,Giovanny Gallegos,28,STL,NL,4,4,33,0,0,0,7,105.9,26,16,4,12,45,0,4.08,0,2,1,0,142,0,17,0,0,0
armstsh01,2020,1,Shawn Armstrong,29,BAL,AL,4,1,30,0,0,0,0,105.9,26,11,4,10,33,0,2.8,0,4,2,0,142,0,17,0,0,0
garciyi01,2020,1,Yimi Garcia,29,MIA,NL,5,1,30,0,0,0,2,105.9,26,8,2,13,41,0,2.04,0,1,1,2,147,0,9,0,0,0
stashco01,2020,1,Cody Stashak,26,MIN,AL,2,1,25,0,0,0,0,105.9,29,15,5,10,38,0,3.82,0,2,1,0,142,0,15,0,0,0
hoytja01,2020,1,James Hoyt,33,MIA,NL,4,1,45,0,0,0,0,100.2,25,9,4,18,42,0,2.43,2,4,2,2,147,0,10,0,0,0
coonrsa01,2020,1,Sam Coonrod,27,SFG,NL,1,4,36,0,0,0,5,100.2,38,32,5,16,34,0,8.62,0,2,4,0,162,0,32,0,0,0
martibr01,2020,1,Brett Martin,25,TEX,AL,2,2,31,0,0,0,0,100.2,24,11,5,19,23,0,2.96,0,2,1,0,146,0,15,0,0,0
romanjo03,2020,1,Jordan Romano,27,TOR,AL,4,2,31,0,0,0,4,100.2,24,9,5,13,44,0,2.43,0,1,1,0,139,0,12,0,0,0
willita01,2020,1,Taylor Williams,28,TOT,MLB,2,2,31,0,0,0,10,100.2,33,22,4,16,42,0,5.93,2,10,5,2,155,0,23,0,0,0
bedroca01,2020,1,Cam Bedrosian,28,LAA,AL,1,1,25,0,0,0,0,100.2,27,13,2,15,28,0,3.5,0,2,1,0,141,0,13,0,0,0
phillev01,2020,1,Evan Phillips,25,BAL,AL,2,2,29,0,0,0,0,99.3,33,19,4,21,42,0,5.17,0,2,5,2,158,0,20,0,0,0
valdece01,2020,1,Cesar Valdez,35,BAL,AL,2,2,21,0,0,0,5,99.3,22,9,2,10,29,0,2.45,0,2,1,0,132,0,12,0,0,0
ramirer02,2020,1,Erasmo Ramirez,30,NYM,NL,1,1,17,0,0,0,2,99.3,24,8,4,11,25,0,2.18,0,1,1,0,132,0,8,0,0,0
smithca03,2020,1,Caleb Smith,28,TOT,NL,0,0,8,8,0,0,0,99,18,11,7,26,35,0,3,0,0,0,0,142,0,12,0,0,0
mileywa01,2020,1,Wade Miley,33,CIN,NL,0,6,8,8,0,0,0,99,35,21,3,20,29,0,5.73,0,0,4,2,156,0,23,0,0,0
gsellro01,2020,1,Robert Gsellman,26,NYM,NL,0,0,8,8,0,0,0,99,48,32,9,18,23,0,8.73,0,4,2,0,163,0,33,0,0,0
hernaca04,2020,1,Carlos Hernandez,23,KCR,AL,0,2,6,6,0,0,0,99,43,19,9,14,31,0,5.18,0,0,2,0,156,0,21,0,0,0
weemsjo01,2020,1,Jordan Weems,27,OAK,AL,1,1,21,0,0,0,0,98.7,27,14,4,16,39,0,3.83,0,4,1,0,140,0,15,0,0,0
coveydy01,2020,1,Dylan Covey,28,BOS,AL,1,1,20,0,0,0,0,98.7,39,24,5,8,28,0,6.57,0,2,1,0,143,0,24,0,0,0
kenneia01,2020,1,Ian Kennedy,35,KCR,AL,1,4,31,3,0,0,0,98.7,43,29,13,13,34,0,7.93,2,1,2,0,158,0,34,0,0,0
reaco01,2020,1,Colin Rea,29,CHC,NL,2,2,21,4,0,0,0,98.7,35,21,7,8,26,0,5.74,0,1,1,0,146,0,21,0,0,0
kickhmi01,2020,1,Mike Kickham,31,BOS,AL,2,2,17,4,0,0,0,98.7,44,25,12,13,37,0,6.84,2,1,4,0,159,0,26,0,0,0
odorija01,2020,1,Jake Odorizzi,30,MIN,AL,0,2,8,8,0,0,0,93,36,23,9,8,29,0,6.68,0,0,2,0,141,0,23,0,0,0
newcose01,2020,1,Sean Newcomb,27,ATL,NL,0,4,8,8,0,0,0,93,44,36,9,14,25,0,10.45,0,2,6,0,160,0,36,0,0,0
sorokmi01,2020,1,Mike Soroka,22,ATL,NL,0,2,6,6,0,0,0,93,27,15,1,16,21,0,4.35,0,2,2,0,135,0,17,0,0,0
adamja01,2020,1,Jason Adam,28,CHC,NL,4,2,27,0,0,0,0,93,24,14,5,17,43,0,4.06,0,0,1,0,137,0,18,0,0,0
milneho01,2020,1,Hoby Milner,29,LAA,AL,0,1,37,0,0,0,0,92.4,31,25,10,14,30,0,7.31,0,0,2,0,139,0,26,0,0,0
knebeco01,2020,1,Corey Knebel,28,MIL,NL,0,1,31,0,0,0,0,92.4,34,20,8,17,34,0,5.84,0,0,1,0,143,0,21,0,0,0
waldema01,2020,1,Marcus Walden,31,BOS,AL,0,4,31,0,0,0,2,92.4,47,28,10,19,26,0,8.18,0,2,1,0,158,0,35,0,0,0
guerrja02,2020,1,Javy Guerra,24,SDP,NL,2,1,29,0,0,0,0,92.4,50,30,3,13,29,0,8.77,0,4,2,0,151,0,32,0,0,0
stockro01,2020,1,Robert Stock,30,BOS,AL,0,2,23,0,0,0,0,92.4,36,17,2,21,32,0,4.97,0,5,1,0,143,0,21,0,0,0
morgaad01,2020,1,Adam Morgan,30,PHI,NL,0,2,34,0,0,0,0,91.8,32,19,7,14,35,0,5.59,0,0,1,0,137,0,19,0,0,0
millean01,2020,1,Andrew Miller,35,STL,NL,2,2,32,0,0,0,7,91.8,24,12,2,13,35,0,3.53,0,4,5,0,132,0,13,0,0,0
oswalco01,2020,1,Corey Oswalt,26,NYM,NL,0,1,13,2,0,0,0,91.8,32,17,7,8,27,0,5,0,0,2,0,132,0,17,0,0,0
merryju01,2020,1,Julian Merryweather,28,TOR,AL,0,1,19,6,0,0,0,91.8,27,15,2,14,33,0,4.41,0,0,1,0,132,0,16,0,0,0
rodrijo06,2020,1,Joely Rodriguez,28,TEX,AL,0,1,25,0,0,0,0,86.1,22,10,2,12,36,0,3.14,0,2,1,0,124,0,11,0,0,0
woodal02,2020,1,Alex Wood,29,LAD,NL,0,2,20,4,0,0,0,86.1,36,20,5,14,33,0,6.27,2,2,5,0,145,0,23,0,0,0
brachbr01,2020,1,Brad Brach,34,NYM,NL,2,1,28,0,0,0,0,85.2,22,18,5,27,31,0,5.7,0,4,2,0,134,0,19,0,0,0
gibauia01,2020,1,Ian Gibaut,26,TEX,AL,0,2,28,0,0,0,0,85.2,27,20,5,19,31,0,6.34,0,4,2,2,135,0,22,0,0,0
alexasc02,2020,1,Scott Alexander,30,LAD,NL,4,1,27,0,0,0,0,85.2,24,12,5,19,23,0,3.8,2,0,1,0,124,0,15,0,0,0
hiranyo01,2020,1,Yoshihisa Hirano,36,SEA,AL,0,2,27,0,0,0,7,85.2,38,18,5,17,26,0,5.7,0,0,2,0,142,0,20,0,0,0
garcilu05,2020,1,Luis Garcia,23,HOU,AL,0,2,14,2,0,0,0,85.2,20,12,3,12,23,0,3.8,0,2,2,0,119,0,12,0,0,0
mengdda01,2020,1,Daniel Mengden,27,OAK,AL,0,2,12,2,0,0,0,85.2,32,13,5,15,25,0,4.12,0,0,2,0,134,0,14,0,0,0
middlke01,2020,1,Keynan Middleton,26,LAA,AL,0,2,27,0,0,0,0,84.6,28,17,5,14,26,0,5.43,0,2,1,0,125,0,19,0,0,0
helslry01,2020,1,Ryan Helsley,25,STL,NL,2,2,25,0,0,0,2,84.6,22,17,6,17,25,0,5.43,2,0,2,0,124,0,19,0,0,0
reedco01,2020,1,Cody Reed,27,TOT,MLB,0,2,24,0,0,0,0,84.6,27,15,5,17,28,0,4.79,0,2,2,0,128,0,15,0,0,0
smithbu03,2020,1,Burch Smith,30,OAK,AL,4,1,16,0,0,0,2,84.6,20,10,3,6,30,0,3.19,0,0,1,0,111,0,11,0,0,0
betande01,2020,1,Dellin Betances,32,NYM,NL,0,2,30,0,0,0,0,78.9,28,21,2,23,26,0,7.19,0,4,4,0,132,0,21,0,0,0
gotttr01,2020,1,Trevor Gott,27,SFG,NL,2,4,30,0,0,0,7,78.9,29,26,13,17,21,0,8.9,0,0,2,0,129,0,26,0,0,0
chapmar01,2020,1,Aroldis Chapman,32,NYY,AL,2,2,26,0,0,0,5,78.9,18,11,5,10,43,0,3.76,0,0,2,2,110,0,12,0,0,0
elledse01,2020,1,Seth Elledge,24,STL,NL,2,1,25,0,0,0,0,78.9,26,15,5,17,31,0,5.13,0,4,2,0,121,0,15,0,0,0
cimbead01,2020,1,Adam Cimber,29,CLE,AL,0,2,28,0,0,0,0,78.3,29,13,3,7,16,0,4.48,0,0,1,0,116,0,13,0,0,0
bacusda01,2020,1,Dakota Bacus,29,WSN,NL,0,1,23,0,0,0,0,78.3,31,21,3,18,19,0,7.24,0,0,1,0,129,0,21,0,0,0
brogdco01,2020,1,Connor Brogdon,25,PHI,NL,2,1,20,0,0,0,0,78.3,16,13,6,12,35,0,4.48,2,0,1,0,108,0,13,0,0,0
menezco01,2020,1,Conner Menez,25,SFG,NL,2,1,17,0,0,0,0,78.3,18,10,5,12,21,0,3.45,0,0,2,0,109,0,12,0,0,0
kilomfr01,2020,1,Franklyn Kilome,25,NYM,NL,0,2,12,0,0,0,2,78.3,31,27,10,18,29,0,9.31,0,2,2,0,130,0,28,0,0,0
zeuchtj01,2020,1,T.J. Zeuch,24,TOR,AL,2,1,10,2,0,0,0,78.3,23,8,3,10,13,0,2.76,0,0,1,0,113,0,9,0,0,0
harvema01,2020,1,Matt Harvey,31,KCR,AL,0,6,8,8,0,0,0,78,56,31,12,12,24,0,10.73,0,0,0,0,146,0,32,0,0,0
hartky01,2020,1,Kyle Hart,27,BOS,AL,0,2,6,6,0,0,0,78,51,39,9,21,30,0,13.5,0,0,0,2,150,0,43,0,0,0
yamamjo01,2020,1,Jordan Yamamoto,24,MIA,NL,0,2,6,6,0,0,0,78,56,47,16,16,30,0,16.27,0,0,0,0,150,0,49,0,0,0
chiriyo01,2020,1,Yonny Chirinos,26,TBR,AL,0,0,6,6,0,0,0,78,32,9,5,10,24,0,3.12,0,0,4,0,121,0,11,0,0,0
lauerer01,2020,1,Eric Lauer,25,MIL,NL,0,4,4,4,0,0,0,78,37,33,5,19,28,0,11.42,0,2,4,0,138,0,34,0,0,0
tarplst01,2020,1,Stephen Tarpley,27,MIA,NL,4,4,25,0,0,0,2,77.7,26,22,5,17,26,0,7.64,3,0,5,0,122,0,24,0,0,0
drakeol01,2020,1,Oliver Drake,33,TBR,AL,0,4,23,0,0,0,3,77.7,20,16,5,13,19,0,5.56,2,2,1,0,109,0,18,0,0,0
mcgowky01,2020,1,Kyle McGowin,28,WSN,NL,2,1,20,0,0,0,2,77.7,23,14,5,12,34,0,4.86,2,2,1,0,112,0,15,0,0,0
goodyni01,2020,1,Nick Goody,28,TEX,AL,0,4,33,2,0,0,2,77.7,31,22,6,17,29,0,7.64,0,2,1,0,125,0,24,0,0,0
mejiahu01,2020,1,Humberto Mejia,23,MIA,NL,0,4,6,6,0,0,0,72,29,14,7,13,25,0,5.25,0,0,2,0,113,0,18,0,0,0
romerjo01,2020,1,JoJo Romero,23,PHI,NL,0,0,24,0,0,0,0,72,29,19,3,7,23,0,7.13,0,0,4,0,110,0,21,0,0,0
castehu01,2020,1,Humberto Castellanos,22,HOU,AL,0,2,18,0,0,0,0,72,27,17,5,12,27,0,6.38,0,0,4,0,116,0,18,0,0,0
ramirni01,2020,1,Nick Ramirez,30,DET,AL,0,0,13,0,0,0,0,72,21,16,6,10,25,0,6,0,0,2,0,108,0,16,0,0,0
allenlo01,2020,1,Logan Allen,23,CLE,AL,0,0,10,0,0,0,0,72,27,11,3,15,19,0,4.13,0,2,2,0,113,0,11,0,0,0
duggero01,2020,1,Robert Dugger,24,MIA,NL,0,0,11,2,0,0,0,72,41,29,9,8,14,0,10.88,0,2,0,0,124,0,31,0,0,0
magilma01,2020,1,Matt Magill,30,SEA,AL,0,2,23,0,0,0,0,71.1,22,16,6,13,25,0,6.08,0,2,0,0,106,0,16,0,0,0
fulmeca01,2020,1,Carson Fulmer,26,TOT,AL,0,0,21,0,0,0,0,71.1,20,12,3,12,25,0,4.56,0,5,4,0,108,0,13,0,0,0
kingjo01,2020,1,John King,25,TEX,AL,2,0,15,0,0,0,0,71.1,28,16,5,10,22,0,6.08,0,0,4,0,116,0,18,0,0,0
garciri01,2020,1,Rico Garcia,26,SFG,NL,2,2,24,0,0,0,0,70.5,28,14,3,10,18,0,5.36,0,4,0,0,104,0,14,0,0,0
mellake01,2020,1,Keury Mella,26,ARI,NL,4,0,23,0,0,0,0,70.5,24,8,3,8,23,0,3.06,2,2,0,0,101,0,10,0,0,0
stephro01,2020,1,Robert Stephenson,27,CIN,NL,0,0,21,0,0,0,0,70.5,25,22,14,8,28,0,8.43,0,0,2,0,103,0,22,0,0,0
stanery01,2020,1,Ryne Stanek,28,MIA,NL,0,0,19,0,0,0,0,70.5,25,17,6,16,25,0,6.51,2,0,0,0,111,0,18,0,0,0
webbja01,2020,1,Jacob Webb,26,ATL,NL,0,0,18,0,0,0,0,70.5,19,4,1,11,23,0,1.53,2,0,0,0,98,0,8,0,0,0
kellyjo05,2020,1,Joe Kelly,32,LAD,NL,0,0,24,2,0,0,0,70.5,20,8,1,15,22,0,3.06,0,5,0,0,101,0,10,0,0,0
quintjo01,2020,1,Jose Quintana,31,CHC,NL,0,0,11,2,0,0,0,70.5,24,12,3,8,26,0,4.6,0,2,0,0,99,0,13,0,0,0
chafian01,2020,1,Andrew Chafin,30,TOT,NL,2,4,29,0,0,0,2,64.8,25,15,4,11,27,0,6.25,2,0,0,0,103,0,16,0,0,0
leonedo01,2020,1,Dominic Leone,28,CLE,AL,0,0,24,0,0,0,0,64.8,29,18,6,11,32,0,7.5,0,2,0,0,106,0,19,0,0,0
sherrry01,2020,1,Ryan Sherriff,30,TBR,AL,2,0,21,0,0,0,2,64.8,17,4,1,6,10,0,1.67,0,0,0,0,85,0,4,0,0,0
suarean01,2020,1,Andrew Suarez,27,SFG,NL,0,0,14,0,0,0,0,64.8,21,10,3,13,15,0,4.17,0,2,0,0,98,0,11,0,0,0
rossora01,2020,1,Ramon Rosso,24,PHI,NL,0,2,16,2,0,0,0,64.8,21,15,3,16,24,0,6.25,0,5,2,2,105,0,16,0,0,0
roech01,2020,1,Chaz Roe,33,TBR,AL,4,0,21,0,0,0,2,64.2,23,9,1,8,21,0,3.79,0,0,2,0,93,0,11,0,0,0
bummeaa01,2020,1,Aaron Bummer,26,CHW,AL,2,0,19,0,0,0,0,64.2,15,6,1,11,29,0,2.52,0,0,0,0,92,0,6,0,0,0
feyerjo01,2020,1,J.P. Feyereisen,27,MIL,NL,0,0,14,0,0,0,0,64.2,13,14,6,11,18,0,5.89,0,0,2,0,90,0,14,0,0,0
alvarjo03,2020,1,Jose Alvarado,25,TBR,AL,0,0,19,0,0,0,0,63.6,21,14,4,13,27,0,5.94,0,5,4,0,102,0,16,0,0,0
leibrbr01,2020,1,Brandon Leibrandt,27,MIA,NL,0,0,12,0,0,0,0,63.6,12,7,1,14,11,0,2.97,2,0,0,0,88,0,8,0,0,0
harvehu01,2020,1,Hunter Harvey,25,BAL,AL,0,4,20,0,0,0,0,57.9,19,10,4,6,16,0,4.66,0,3,2,0,87,0,14,0,0,0
adamsch01,2020,1,Chance Adams,25,KCR,AL,0,0,14,0,0,0,0,57.9,30,18,3,3,16,0,8.39,0,3,0,0,92,0,18,0,0,0
tinocje01,2020,1,Jesus Tinoco,25,TOT,NL,0,0,14,0,0,0,0,57.9,11,5,1,14,16,0,2.33,0,3,0,0,79,0,6,0,0,0
rodrini01,2020,1,Nivaldo Rodriguez,23,HOU,AL,0,2,12,0,0,0,0,57.9,30,13,6,12,19,0,6.06,2,2,0,0,101,0,15,0,0,0
hallma02,2020,1,Matt Hall,26,BOS,AL,0,5,10,2,0,0,0,57.9,33,32,4,19,20,0,14.92,0,0,2,0,114,0,33,0,0,0
crowewi01,2020,1,Wil Crowe,25,WSN,NL,0,4,6,6,0,0,0,57,30,23,10,17,19,0,10.89,0,0,2,0,104,0,27,0,0,0
baileho02,2020,1,Homer Bailey,34,MIN,AL,2,0,4,4,0,0,0,57,15,8,3,7,17,0,3.79,0,0,2,0,79,0,8,0,0,0
avilalu01,2020,1,Luis Avilan,30,NYY,AL,0,0,20,0,0,0,0,57,21,10,4,11,20,0,4.74,0,0,0,0,90,0,10,0,0,0
bashlty01,2020,1,Tyler Bashlor,27,PIT,NL,0,0,17,0,0,0,0,57,21,16,4,9,15,0,7.58,0,2,4,0,88,0,17,0,0,0
bergetr01,2020,1,Travis Bergen,26,TOT,MLB,2,0,17,0,0,0,2,57,14,8,3,17,23,0,3.79,0,0,0,0,85,0,9,0,0,0
hernada02,2020,1,Darwinzon Hernandez,23,BOS,AL,2,0,15,0,0,0,0,57,14,7,1,16,27,0,3.32,0,2,2,0,91,0,7,0,0,0
crismna01,2020,1,Nabil Crismatt,25,STL,NL,0,0,14,0,0,0,0,57,16,8,4,4,19,0,3.79,2,0,0,0,77,0,9,0,0,0
goudeas01,2020,1,Ashton Goudeau,27,COL,NL,0,0,10,0,0,0,0,57,30,15,6,6,9,0,7.11,0,2,2,0,90,0,15,0,0,0
neideni01,2020,1,Nick Neidert,23,MIA,NL,0,0,10,0,0,0,0,57,22,12,3,6,12,0,5.68,0,0,0,0,82,0,12,0,0,0
garcilu03,2020,1,Luis Garcia,33,TEX,AL,0,4,22,4,0,0,0,57,22,15,3,17,23,0,7.11,2,3,0,0,99,0,18,0,0,0
triggan01,2020,1,Andrew Triggs,31,TOT,MLB,0,4,12,4,0,0,0,57,19,15,6,12,17,0,7.11,0,0,0,0,90,0,15,0,0,0
kittran01,2020,1,Andrew Kittredge,30,TBR,AL,0,0,17,2,0,0,2,56.4,19,7,1,6,11,0,3.35,0,0,0,0,77,0,7,0,0,0
dejonch01,2020,1,Chase De Jong,26,HOU,AL,0,2,4,4,0,0,0,51,26,25,4,9,20,0,13.24,0,0,2,0,87,0,25,0,0,0
garrebr01,2020,1,Braxton Garrett,22,MIA,NL,2,2,4,4,0,0,0,51,19,11,6,11,18,0,5.82,0,2,0,0,79,0,13,0,0,0
rodonca01,2020,1,Carlos Rodon,27,CHW,AL,0,4,4,4,0,0,0,51,20,15,2,7,15,0,7.94,0,2,2,0,81,0,15,0,0,0
doolise01,2020,1,Sean Doolittle,33,WSN,NL,0,4,21,0,0,0,0,50.7,20,11,6,9,15,0,5.86,3,0,0,0,82,0,13,0,0,0
swanser01,2020,1,Erik Swanson,26,SEA,AL,0,4,18,0,0,0,0,50.7,23,21,6,6,20,0,11.18,0,2,4,0,83,0,23,0,0,0
guilbta01,2020,1,Taylor Guilbeau,27,SEA,AL,0,0,16,0,0,0,0,50.7,18,5,1,12,10,0,2.66,0,2,0,0,82,0,5,0,0,0
poppese01,2020,1,Sean Poppen,26,MIN,AL,0,0,13,0,0,0,0,50.7,20,10,1,9,21,0,5.33,0,5,0,0,80,0,10,0,0,0
topaju01,2020,1,Justin Topa,29,MIL,NL,0,2,13,0,0,0,0,50.7,17,6,3,3,24,0,3.2,0,0,0,0,72,0,8,0,0,0
cortene01,2020,1,Nestor Cortes Jr.,25,SEA,AL,0,2,12,2,0,0,0,50.7,25,24,11,12,18,0,12.78,0,0,4,0,95,0,26,0,0,0
guerrde01,2020,1,Deolis Guerra,31,PHI,NL,2,5,18,0,0,0,0,50.1,21,14,6,6,18,0,7.54,0,0,4,0,82,0,18,0,0,0
burdiza01,2020,1,Zack Burdi,25,CHW,AL,0,2,16,0,0,0,0,50.1,23,18,7,7,23,0,9.7,0,2,0,0,83,0,21,0,0,0
taylojo02,2020,1,Josh Taylor,27,BOS,AL,2,2,16,0,0,0,0,50.1,17,16,4,10,16,0,8.62,0,0,2,0,82,0,16,0,0,0
bailebr01,2020,1,Brandon Bailey,25,HOU,AL,0,0,12,0,0,0,0,50.1,15,6,3,7,12,0,3.23,0,2,2,0,72,0,7,0,0,0
brennbr01,2020,1,Brandon Brennan,28,SEA,AL,0,0,12,0,0,0,0,50.1,17,8,4,10,16,0,4.31,2,0,0,0,77,0,8,0,0,0
grotzza01,2020,1,Zac Grotz,27,SEA,AL,0,0,12,0,0,0,0,50.1,23,22,7,20,12,0,11.86,0,2,7,0,98,0,23,0,0,0
braymbe01,2020,1,Ben Braymer,26,WSN,NL,2,0,8,2,0,0,0,50.1,17,5,1,10,18,0,2.69,0,0,0,0,78,0,5,0,0,0
smithdr01,2020,1,Drew Smith,26,NYM,NL,0,2,16,0,0,0,0,49.5,15,11,4,6,16,0,6,2,2,0,0,70,0,13,0,0,0
thornty01,2020,1,Tyler Thornburg,31,CIN,NL,0,0,15,0,0,0,0,49.5,15,8,1,10,21,0,4.36,0,2,0,0,75,0,8,0,0,0
bandaan01,2020,1,Anthony Banda,26,TBR,AL,2,0,10,0,0,0,2,49.5,21,16,3,10,11,0,8.73,0,0,4,0,81,0,18,0,0,0
hessda01,2020,1,David Hess,26,BAL,AL,0,0,8,0,0,0,0,49.5,21,11,3,6,7,0,6,0,0,0,0,75,0,11,0,0,0
yajurmi01,2020,1,Miguel Yajure,22,NYY,AL,0,0,8,0,0,0,0,49.5,10,5,3,10,18,0,2.73,0,2,2,0,70,0,5,0,0,0
zimmebr02,2020,1,Bruce Zimmermann,25,BAL,AL,0,0,2,2,0,0,0,48,15,13,4,5,16,0,7.31,0,4,4,0,73,0,13,0,0,0
davisau01,2020,1,Austin Davis,27,TOT,NL,0,0,17,0,0,0,0,43.8,22,16,2,5,13,0,9.86,0,0,0,0,72,0,16,0,0,0
burrobe01,2020,1,Beau Burrows,23,DET,AL,0,0,11,0,0,0,0,43.8,18,9,6,4,9,0,5.55,0,0,2,0,69,0,9,0,0,0
reidfse01,2020,1,Sean Reid-Foley,24,TOR,AL,2,0,11,0,0,0,0,43.8,10,4,1,12,14,0,2.47,2,0,0,0,69,0,8,0,0,0
alvarjo02,2020,1,Jose Alvarez,31,PHI,NL,0,0,16,0,0,0,0,42.9,16,4,1,7,14,0,2.52,0,0,0,0,64,0,5,0,0,0
perezci01,2020,1,Cionel P√©rez,24,HOU,AL,0,0,14,0,0,0,0,42.9,16,6,1,12,17,0,3.78,2,0,0,0,72,0,6,0,0,0
litteza01,2020,1,Zack Littell,24,MIN,AL,0,0,13,0,0,0,0,42.9,24,14,9,7,9,0,8.81,0,2,2,0,70,0,14,0,0,0
bednada01,2020,1,David Bednar,25,SDP,NL,0,0,9,0,0,0,0,42.9,22,11,2,5,12,0,6.92,0,0,0,0,72,0,13,0,0,0
schmicl01,2020,1,Clarke Schmidt,24,NYY,AL,0,2,8,2,0,0,0,42.9,16,11,1,10,16,0,6.92,0,2,3,0,73,0,11,0,0,0
buchtry01,2020,1,Ryan Buchter,33,LAA,AL,3,0,19,0,0,0,0,42.3,13,7,4,12,17,0,4.47,0,2,0,0,67,0,9,0,0,0
diehlph01,2020,1,Phillip Diehl,25,COL,NL,0,0,13,0,0,0,0,42.3,16,14,4,4,11,0,8.94,0,0,0,0,60,0,14,0,0,0
hellebe01,2020,1,Ben Heller,28,NYY,AL,0,0,13,0,0,0,0,42.3,13,6,4,5,14,0,3.83,0,0,3,0,63,0,6,0,0,0
shawbr01,2020,1,Bryan Shaw,32,SEA,AL,2,0,13,0,0,0,0,42.3,25,22,2,12,11,0,14.04,0,0,2,0,81,0,22,0,0,0
crochga01,2020,1,Garrett Crochet,21,CHW,AL,0,0,11,0,0,0,0,42.3,9,3,1,2,17,0,1.91,0,0,2,0,55,0,3,0,0,0
deleojo03,2020,1,Jose De Leon,27,CIN,NL,0,0,11,0,0,0,0,42.3,14,22,2,20,20,0,14.04,3,0,0,0,76,0,22,0,0,0
mccarke01,2020,1,Kevin McCarthy,28,KCR,AL,0,0,11,0,0,0,0,42.3,21,7,2,5,8,0,4.47,0,0,2,0,67,0,8,0,0,0
sewalpa01,2020,1,Paul Sewald,30,NYM,NL,0,0,11,0,0,0,0,42.3,24,17,2,8,8,0,10.85,0,0,2,0,76,0,17,0,0,0
murphpa02,2020,1,Patrick Murphy,25,TOR,AL,0,0,9,0,0,0,0,42.3,14,4,1,5,12,0,2.55,0,0,0,0,60,0,4,0,0,0
santoan02,2020,1,Antonio Santos,23,COL,NL,0,2,8,2,0,0,0,42.3,27,20,2,8,11,0,12.77,0,0,3,0,76,0,20,0,0,0
stievjo01,2020,1,Jonathan Stiever,23,CHW,AL,0,2,4,4,0,0,0,42,16,15,8,9,8,0,9.64,0,0,0,0,67,0,15,0,0,0
espinpa01,2020,1,Paolo Espino,33,WSN,NL,0,0,2,2,0,0,0,42,18,7,2,5,16,0,4.5,0,0,0,0,63,0,7,0,0,0
verlaju01,2020,1,Justin Verlander,37,HOU,AL,2,0,2,2,0,0,0,42,8,5,4,3,16,0,3.21,0,0,0,0,52,0,6,0,0,0
speiega01,2020,1,Gabe Speier,25,KCR,AL,0,2,15,0,0,0,0,36.6,18,10,2,8,13,0,7.38,0,0,0,0,66,0,11,0,0,0
crickky01,2020,1,Kyle Crick,27,PIT,NL,0,2,14,0,0,0,0,36.6,15,4,1,8,15,0,2.95,0,0,0,0,64,0,12,0,0,0
volqued01,2020,1,Edinson Volquez,36,TEX,AL,3,2,14,0,0,0,0,36.6,14,9,1,5,9,0,6.64,0,0,2,0,59,0,9,0,0,0
shafeju01,2020,1,Justin Shafer,27,MIA,NL,0,0,11,0,0,0,0,36.6,17,15,4,8,12,0,11.07,0,0,2,0,66,0,15,0,0,0
thorntr01,2020,1,Trent Thornton,26,TOR,AL,0,0,6,6,0,0,0,36,31,15,0,7,14,0,11.25,0,0,0,0,73,0,15,0,0,0
zimmejo02,2020,1,Jordan Zimmermann,34,DET,AL,0,0,4,4,0,0,0,36,23,11,0,5,14,0,8.25,0,0,0,0,64,0,13,0,0,0
lucchjo01,2020,1,Joey Lucchesi,27,SDP,NL,0,2,4,4,0,0,0,36,27,11,0,5,12,0,8.25,0,0,2,0,71,0,11,0,0,0
strasst01,2020,1,Stephen Strasburg,31,WSN,NL,0,2,4,4,0,0,0,36,18,13,2,3,6,0,9.75,0,0,0,0,54,0,13,0,0,0
millety01,2020,1,Tyson Miller,24,CHC,NL,0,0,2,2,0,0,0,36,6,7,2,7,2,0,5.25,0,0,0,2,48,0,7,0,0,0
bardlu01,2020,1,Luke Bard,29,LAA,AL,0,0,12,0,0,0,0,36,15,9,4,2,15,0,6.75,0,0,0,2,54,0,9,0,0,0
pazosja01,2020,1,James Pazos,29,COL,NL,0,0,12,0,0,0,0,36,20,18,6,10,5,0,13.5,0,0,0,0,64,0,18,0,0,0
mcclare01,2020,1,Reggie McClain,27,PHI,NL,0,0,11,0,0,0,0,36,18,7,2,7,7,0,5.25,0,0,0,0,64,0,12,0,0,0
farrelu01,2020,1,Luke Farrell,29,TEX,AL,0,0,9,0,0,0,0,36,12,10,2,10,17,0,7.5,0,3,2,0,60,0,10,0,0,0
sharpst01,2020,1,Sterling Sharp,25,MIA,NL,0,0,9,0,0,0,0,36,15,12,2,10,9,0,9,0,0,2,0,64,0,14,0,0,0
sanchri01,2020,1,Ricardo Sanchez,23,STL,NL,0,0,7,0,0,0,0,36,12,9,2,10,10,0,6.75,0,0,2,2,60,0,9,0,0,0
montgmi01,2020,1,Mike Montgomery,30,KCR,AL,0,0,7,2,0,0,0,36,13,7,2,3,10,0,5.25,0,0,0,0,54,0,10,0,0,0
freemsa01,2020,1,Sam Freeman,33,WSN,NL,0,0,14,0,0,0,0,35.4,7,4,1,13,13,0,3.05,2,0,0,0,57,0,4,0,0,0
mearsni01,2020,1,Nick Mears,23,PIT,NL,0,0,9,0,0,0,0,35.4,10,7,2,13,15,0,5.34,0,2,0,0,58,0,7,0,0,0
sparkgl01,2020,1,Glenn Sparkman,28,KCR,AL,0,0,9,0,0,0,0,35.4,18,7,1,3,7,0,5.34,0,0,0,0,60,0,12,0,0,0
klinebr01,2020,1,Branden Kline,28,BAL,AL,0,0,7,0,0,0,0,35.4,7,4,1,7,15,0,3.05,0,0,0,0,49,0,4,0,0,0
chacijh01,2020,1,Jhoulys Chacin,32,ATL,NL,2,0,6,0,0,0,0,35.4,13,9,2,7,8,0,6.86,0,0,0,0,55,0,9,0,0,0
moranbr01,2020,1,Brian Moran,31,TOT,MLB,2,0,13,0,0,0,0,29.7,13,10,2,11,14,0,9.09,0,0,0,0,56,0,10,0,0,0
edwarca01,2020,1,Carl Edwards Jr.,28,SEA,AL,0,0,10,0,0,0,2,29.7,6,3,1,3,13,0,2.73,0,0,0,0,41,0,4,0,0,0
kaminro01,2020,1,Rob Kaminsky,25,STL,NL,0,0,10,0,0,0,0,29.7,8,3,1,5,8,0,2.73,0,0,0,0,48,0,7,0,0,0
grimmju01,2020,1,Justin Grimm,31,MIL,NL,0,0,8,0,0,0,0,29.7,18,16,7,8,13,0,14.55,0,0,0,0,57,0,16,0,0,0
whitlko01,2020,1,Kodi Whitley,25,STL,NL,0,0,8,0,0,0,0,29.7,6,3,2,3,11,0,2.73,0,0,0,0,41,0,4,0,0,0
leyerro01,2020,1,Robinson Leyer,27,BOS,AL,0,0,12,2,0,0,0,29.7,22,19,5,14,17,0,17.27,0,0,0,0,69,0,20,0,0,0
baezmi01,2020,1,Michel B√°ez,24,SDP,NL,0,0,7,2,0,0,0,29.7,14,8,1,5,14,0,7.27,0,0,0,2,51,0,8,0,0,0
fletcaa01,2020,1,Aaron Fletcher,24,SEA,AL,0,0,12,0,0,0,0,28.8,14,11,2,13,14,0,10.31,0,0,3,0,60,0,12,0,0,0
yateski01,2020,1,Kirby Yates,33,SDP,NL,0,2,12,0,0,0,3,28.8,14,11,2,8,16,0,10.31,0,3,0,0,54,0,12,0,0,0
daviswa01,2020,1,Wade Davis,34,COL,NL,0,2,10,0,0,0,3,28.8,18,18,5,6,8,0,16.88,2,3,0,0,54,0,18,0,0,0
tapiado01,2020,1,Domingo Tapia,28,BOS,AL,0,0,10,0,0,0,0,28.8,10,3,2,5,9,0,2.81,0,0,0,0,44,0,4,0,0,0
vesiaal01,2020,1,Alex Vesia,24,MIA,NL,0,2,10,0,0,0,0,28.8,14,16,5,13,11,0,15,0,0,0,0,57,0,18,0,0,0
biagijo01,2020,1,Joe Biagini,30,HOU,AL,0,0,8,0,0,0,0,28.8,19,18,2,8,9,0,16.88,0,2,0,0,57,0,18,0,0,0
osunaro01,2020,1,Roberto Osuna,25,HOU,AL,0,0,8,0,0,0,2,28.8,8,3,1,1,8,0,2.81,0,0,0,0,39,0,4,0,0,0
sborzjo01,2020,1,Josh Sborz,26,LAD,NL,0,0,8,0,0,0,0,28.8,6,3,2,3,6,0,2.81,0,0,0,0,39,0,4,0,0,0
vendipa01,2020,1,Pat Venditte,35,MIA,NL,0,0,7,0,0,0,0,28.8,5,2,1,1,11,0,1.88,0,0,3,0,38,0,2,0,0,0
gilmase01,2020,1,Sean Gilmartin,30,TBR,AL,0,0,5,0,0,0,0,28.8,14,8,4,8,11,0,7.5,0,0,0,0,52,0,8,0,0,0
mujicjo01,2020,1,Jose Mujica,24,COL,NL,0,0,5,0,0,0,0,28.8,19,11,4,5,5,0,10.31,0,0,0,0,51,0,13,0,0,0
bourqja01,2020,1,James Bourque,26,WSN,NL,2,0,12,0,0,0,0,28.2,8,7,2,9,5,0,6.7,0,2,0,0,44,0,7,0,0,0
cederbl01,2020,1,Blake Cederlind,24,PIT,NL,0,0,10,0,0,0,0,28.2,8,5,1,3,9,0,4.79,0,2,0,0,39,0,5,0,0,0
ruizjo01,2020,1,Jose Ruiz,25,CHW,AL,0,0,10,0,0,0,0,28.2,6,3,2,1,11,0,2.87,0,0,0,0,36,0,4,0,0,0
evansde01,2020,1,Demarcus Evans,23,TEX,AL,0,0,8,0,0,0,0,28.2,8,3,2,1,9,0,2.87,0,0,2,0,36,0,4,0,0,0
hamilia01,2020,1,Ian Hamilton,25,CHW,AL,0,0,8,0,0,0,0,28.2,9,5,1,9,9,0,4.79,0,3,0,0,45,0,5,0,0,0
adamsau02,2020,1,Austin Adams,29,SDP,NL,0,0,7,0,0,0,0,28.2,8,5,2,5,14,0,4.79,0,2,0,0,41,0,5,0,0,0
morinmi01,2020,1,Mike Morin,29,MIA,NL,2,0,7,0,0,0,0,28.2,5,2,1,3,6,0,1.91,0,0,0,0,33,0,2,0,0,0
riosya01,2020,1,Yacksel Rios,27,PIT,NL,0,0,7,0,0,0,0,28.2,8,8,1,5,8,0,7.66,0,0,2,0,41,0,8,0,0,0
suarera01,2020,1,Ranger Suarez,24,PHI,NL,0,2,7,0,0,0,0,28.2,19,16,2,8,5,0,15.32,0,0,2,0,55,0,16,0,0,0
rodride01,2020,1,Dereck Rodriguez,28,SFG,NL,0,0,5,0,0,0,0,28.2,19,11,4,6,6,0,10.53,0,0,0,0,52,0,12,0,0,0
medinad01,2020,1,Adonis Medina,23,PHI,NL,0,2,2,2,0,0,0,27,8,5,0,7,9,0,5,0,0,0,2,42,0,5,0,0,0
juradar01,2020,1,Ariel Jurado,24,NYM,NL,0,0,2,2,0,0,0,27,19,11,2,1,6,0,11,0,0,0,0,48,0,11,0,0,0
bolanro01,2020,1,Ronald Bolanos,23,KCR,AL,0,4,4,4,0,0,0,24,17,10,4,6,5,0,11.25,0,4,2,0,46,0,14,0,0,0
quijajo01,2020,1,Jose Quijada,24,LAA,AL,0,2,11,0,0,0,0,22.5,12,6,2,4,12,0,7.2,0,0,2,0,43,0,8,0,0,0
delpomi01,2020,1,Miguel Del Pozo,27,PIT,NL,0,0,10,0,0,0,0,22.5,14,13,0,14,6,0,15.6,2,2,0,0,51,0,13,0,0,0
devench02,2020,1,Chris Devenski,29,HOU,AL,0,2,8,0,0,0,0,22.5,14,11,2,6,10,0,13.2,0,0,0,0,44,0,11,0,0,0
gileske01,2020,1,Ken Giles,29,TOR,AL,0,0,8,0,0,0,2,22.5,9,8,4,8,12,0,9.6,0,0,0,0,41,0,8,0,0,0
kriskbr01,2020,1,Brooks Kriske,26,NYY,AL,0,0,8,0,0,0,0,22.5,7,11,2,12,15,0,13.2,0,3,0,0,46,0,11,0,0,0
sobotch01,2020,1,Chad Sobotka,26,ATL,NL,0,0,8,0,0,0,0,22.5,12,9,0,4,6,0,10.8,0,3,0,0,43,0,10,0,0,0
irvinco01,2020,1,Cole Irvin,26,PHI,NL,0,2,6,0,0,0,0,22.5,20,13,2,3,9,0,15.6,0,0,0,0,46,0,13,0,0,0
kaprija01,2020,1,James Kaprielian,26,OAK,AL,0,0,5,0,0,0,0,22.5,9,6,4,4,9,0,7.2,0,0,0,0,38,0,6,0,0,0
abreubr01,2020,1,Bryan Abreu,23,HOU,AL,0,0,8,0,0,0,0,21.9,4,3,0,12,7,0,3.7,0,0,3,0,42,0,5,0,0,0
garcied01,2020,1,Edgar Garcia,23,TBR,AL,0,0,8,0,0,0,2,21.9,7,8,4,7,4,0,9.86,0,0,0,0,36,0,8,0,0,0
harvejo01,2020,1,Joe Harvey,28,COL,NL,0,0,8,0,0,0,0,21.9,7,1,0,1,5,0,1.23,0,0,2,0,33,0,1,0,0,0
kelletr01,2020,1,Trevor Kelley,26,PHI,NL,0,0,8,0,0,0,0,21.9,15,8,4,3,10,0,9.86,0,2,0,0,41,0,8,0,0,0
rosarra01,2020,1,Randy Rosario,26,KCR,AL,0,2,8,0,0,0,0,21.9,14,6,2,6,9,0,7.4,0,2,2,0,44,0,6,0,0,0
strichu01,2020,1,Hunter Strickland,31,NYM,NL,0,2,8,0,0,0,0,21.9,10,6,0,3,9,0,7.4,0,0,0,0,36,0,8,0,0,0
brothre01,2020,1,Rex Brothers,32,CHC,NL,0,0,6,0,0,0,0,21.9,6,6,4,6,15,0,7.4,0,0,0,2,34,0,6,0,0,0
davidma02,2020,1,Matt Davidson,29,CIN,NL,0,0,6,0,0,0,0,21.9,9,5,2,4,4,0,6.16,0,0,0,0,34,0,5,0,0,0
eibnebr01,2020,1,Brett Eibner,31,MIA,NL,0,0,6,0,0,0,0,21.9,14,9,4,7,9,0,11.1,2,2,0,0,44,0,13,0,0,0
lewicar01,2020,1,Artie Lewicki,28,ARI,NL,0,0,5,0,0,0,0,21.9,14,5,0,3,10,0,6.16,0,0,0,0,39,0,5,0,0,0
waddebr01,2020,1,Brandon Waddell,26,PIT,NL,0,0,5,0,0,0,0,21.9,6,3,0,4,5,0,3.7,0,0,0,0,33,0,3,0,0,0
rusinch01,2020,1,Chris Rusin,33,ATL,NL,0,0,3,0,0,0,0,21.9,12,6,2,6,7,0,7.4,0,0,0,0,38,0,6,0,0,0
gavigsa01,2020,1,Sam Gaviglio,30,TOR,AL,0,2,8,0,0,0,0,21.3,7,6,0,9,4,0,7.61,0,0,0,2,37,0,6,0,0,0
blackra01,2020,1,Ray Black,30,MIL,NL,0,0,6,0,0,0,0,21.3,5,3,0,6,7,0,3.8,0,0,0,0,33,0,3,0,0,0
fernaju01,2020,1,Junior Fernandez,23,STL,NL,0,0,6,0,0,0,0,21.3,12,11,2,4,5,0,13.94,0,0,0,0,36,0,11,0,0,0
kuhnejo01,2020,1,Joel Kuhnel,25,CIN,NL,2,0,6,0,0,0,0,21.3,9,5,4,1,7,0,6.34,0,0,0,0,31,0,5,0,0,0
quezajo01,2020,1,Johan Quezada,25,MIA,NL,0,0,6,0,0,0,0,21.3,9,6,2,3,5,0,7.61,0,0,0,0,29,0,6,0,0,0
blewesc01,2020,1,Scott Blewett,24,KCR,AL,0,0,5,0,0,0,0,21.3,12,5,0,3,9,0,6.34,0,0,0,0,36,0,5,0,0,0
mcraeal01,2020,1,Alex McRae,27,CHW,AL,0,0,5,0,0,0,0,21.3,4,1,0,1,5,0,1.27,0,0,0,0,26,0,1,0,0,0
payamjo01,2020,1,Joel Payamps,26,ARI,NL,0,0,5,0,0,0,0,21.3,5,3,0,6,5,0,3.8,0,0,0,0,31,0,5,0,0,0
whitemi03,2020,1,Mitch White,25,LAD,NL,2,0,5,0,0,0,0,21.3,4,1,0,3,5,0,1.27,0,0,0,0,28,0,1,0,0,0
foltymi01,2020,1,Mike Foltynewicz,28,ATL,NL,0,2,2,2,0,0,0,21,9,12,6,8,7,0,15.43,0,0,0,0,37,0,12,0,0,0
hamelco01,2020,1,Cole Hamels,36,ATL,NL,0,2,2,2,0,0,0,21,7,7,0,3,5,0,9,0,0,0,0,33,0,7,0,0,0
perdoan01,2020,1,Angel Perdomo,26,MIL,NL,0,0,6,0,0,0,0,15.6,6,11,0,12,10,0,19.04,2,0,2,2,38,0,12,0,0,0
ramosaj01,2020,1,AJ Ramos,33,COL,NL,0,0,6,0,0,0,0,15.6,8,3,2,6,3,0,5.19,0,0,0,0,31,0,3,0,0,0
romerse01,2020,1,Seth Romero,24,WSN,NL,0,0,6,0,0,0,0,15.6,10,7,2,6,10,0,12.12,0,2,0,0,36,0,7,0,0,0
couloda01,2020,1,Danny Coulombe,30,MIN,AL,0,0,4,0,0,0,0,15.6,5,1,0,6,6,0,1.73,0,0,0,0,28,0,1,0,0,0
frankse01,2020,1,Seth Frankoff,31,SEA,AL,0,0,4,0,0,0,0,15.6,11,9,0,4,2,0,15.58,0,0,0,0,33,0,9,0,0,0
meisiry01,2020,1,Ryan Meisinger,26,STL,NL,0,0,4,0,0,0,0,15.6,3,1,0,7,6,0,1.73,0,0,2,0,28,0,1,0,0,0
suarejo01,2020,1,Jose Suarez,22,LAA,AL,0,4,4,4,0,0,0,15,20,20,2,10,5,0,36,0,2,2,0,48,0,20,0,0,0
blackpa01,2020,1,Paul Blackburn,26,OAK,AL,0,2,2,2,0,0,0,15,11,14,0,4,5,0,25.2,0,2,0,0,31,0,14,0,0,0
jeffeda01,2020,1,Daulton Jefferies,24,OAK,AL,0,2,2,2,0,0,0,15,10,10,4,4,3,0,18,0,0,0,0,29,0,10,0,0,0
yacabji01,2020,1,Jimmy Yacabonis,28,SEA,AL,0,2,2,2,0,0,0,15,5,2,0,6,3,0,3.6,0,0,2,0,29,0,3,0,0,0
mantijo01,2020,1,Joe Mantiply,29,ARI,NL,0,0,7,0,0,0,0,14.7,6,7,0,7,5,0,12.86,0,0,0,0,31,0,7,0,0,0
stroppe01,2020,1,Pedro Strop,35,CIN,NL,0,0,7,0,0,0,0,14.7,3,3,0,10,6,0,5.51,0,2,0,0,31,0,6,0,0,0
burdini01,2020,1,Nick Burdi,27,PIT,NL,0,2,6,0,0,0,2,14.7,5,3,0,4,8,0,5.51,0,0,0,0,23,0,3,0,0,0
doyleto01,2020,1,Tommy Doyle,24,COL,NL,0,0,6,0,0,0,0,14.7,11,11,0,7,5,0,20.2,0,0,0,0,34,0,11,0,0,0
peacobr01,2020,1,Brad Peacock,32,HOU,AL,0,0,6,0,0,0,0,14.7,6,4,0,2,6,0,7.35,0,0,2,0,26,0,4,0,0,0
wahlbo01,2020,1,Bobby Wahl,28,MIL,NL,0,2,6,0,0,0,0,14.7,8,6,3,1,3,0,11.02,0,0,0,0,25,0,6,0,0,0
herreke01,2020,1,Kelvin Herrera,30,CHW,AL,0,0,4,0,0,0,0,14.7,6,7,3,2,6,0,12.86,0,0,0,0,25,0,7,0,0,0
kelleky01,2020,1,Kyle Keller,27,LAA,AL,0,0,4,0,0,0,0,14.7,6,4,0,4,3,0,7.35,0,2,0,0,28,0,4,0,0,0
palumjo01,2020,1,Joe Palumbo,25,TEX,AL,0,2,4,0,0,0,0,14.7,6,6,2,6,10,0,11.02,0,0,0,0,29,0,6,0,0,0
carroco01,2020,1,Cody Carroll,27,BAL,AL,0,0,6,0,0,0,0,14.1,16,20,0,9,6,0,38.3,0,3,2,0,40,0,20,0,0,0
kelake01,2020,1,Keone Kela,27,PIT,NL,0,0,6,0,0,0,0,14.1,6,2,2,2,6,0,3.83,0,0,0,0,23,0,3,0,0,0
arciaor01,2020,1,Orlando Arcia,25,MIL,NL,0,0,4,0,0,0,0,14.1,8,7,2,2,1,0,13.4,0,0,0,0,24,0,7,0,0,0
espinsa01,2020,1,Santiago Espinal,25,TOR,AL,0,0,4,0,0,0,0,14.1,6,4,2,2,1,0,7.66,0,0,2,0,24,0,4,0,0,0
florebe01,2020,1,Bernardo Flores Jr.,24,CHW,AL,0,0,4,0,0,0,0,14.1,8,4,0,1,5,0,7.66,0,0,0,0,23,0,4,0,0,0
kratzer01,2020,1,Erik Kratz,40,NYY,AL,0,0,4,0,0,0,0,14.1,5,4,3,1,1,0,7.66,0,0,2,0,21,0,4,0,0,0
lambeji01,2020,1,Jimmy Lambert,25,CHW,AL,0,0,4,0,0,0,0,14.1,5,1,0,1,5,0,1.91,0,0,0,0,20,0,1,0,0,0
leclejo01,2020,1,Jose Leclerc,26,TEX,AL,0,0,4,0,0,0,2,14.1,5,2,0,4,6,0,3.83,0,0,0,0,23,0,3,0,0,0
sanabca01,2020,1,Carlos Sanabria,23,HOU,AL,0,0,4,0,0,0,0,14.1,6,4,2,5,5,0,7.66,0,3,0,0,26,0,4,0,0,0
gearrco01,2020,1,Cory Gearrin,34,MIN,AL,0,0,3,0,0,0,0,14.1,2,1,0,4,3,0,1.91,0,0,0,0,18,0,1,0,0,0
ohtansh01,2020,1,Shohei Ohtani,25,LAA,AL,0,2,4,4,0,0,0,9,6,14,0,15,6,0,42,0,2,0,0,33,0,14,0,0,0
davidtu01,2020,1,Tucker Davidson,24,ATL,NL,0,2,2,2,0,0,0,9,6,4,2,8,4,0,12,0,0,0,0,27,0,14,0,0,0
peterdi01,2020,1,Dillon Peters,27,LAA,AL,0,0,2,2,0,0,0,9,6,6,4,0,4,0,18,0,0,0,0,20,0,8,0,0,0
felizmi01,2020,1,Michael Feliz,27,PIT,NL,0,0,5,0,0,0,0,8.4,7,10,2,4,4,0,32.14,0,0,2,0,23,0,10,0,0,0
norwoja01,2020,1,James Norwood,26,CHC,NL,0,0,5,0,0,0,0,8.4,7,5,0,2,1,0,16.07,0,2,0,0,18,0,5,0,0,0
barreaa01,2020,1,Aaron Barrett,32,WSN,NL,0,0,4,0,0,0,0,8.4,4,4,0,4,2,0,12.86,2,0,2,0,18,0,4,0,0,0
smithjo08,2020,1,Josh D. Smith,30,MIA,NL,0,0,4,0,0,0,0,8.4,4,4,2,2,7,0,12.86,0,0,3,0,20,0,4,0,0,0
buterdr01,2020,1,Drew Butera,36,COL,NL,0,0,2,0,0,0,0,8.4,6,2,0,0,2,0,6.43,0,0,0,0,17,0,2,0,0,0
grifffo01,2020,1,Foster Griffin,24,KCR,AL,2,0,2,0,0,0,0,8.4,1,1,0,0,2,0,3.21,0,0,0,0,14,0,1,0,0,0
lyonsty01,2020,1,Tyler Lyons,32,NYY,AL,0,0,2,0,0,0,0,8.4,6,7,0,2,1,0,22.5,0,0,2,0,20,0,7,0,0,0
perezhe02,2020,1,Hector Perez,24,TOR,AL,0,0,2,0,0,0,0,8.4,6,4,2,5,2,0,12.86,0,0,0,0,20,0,4,0,0,0
rodrijo07,2020,1,Jose Rodriguez,24,LAA,AL,0,0,2,0,0,0,0,8.4,4,1,0,2,1,0,3.21,0,0,0,0,17,0,1,0,0,0
abreual01,2020,1,Albert Abreu,24,NYY,AL,0,2,4,0,0,0,0,7.8,7,5,2,4,4,0,17.31,0,0,2,0,21,0,7,0,0,0
holtbr01,2020,1,Brock Holt,32,WSN,NL,0,0,4,0,0,0,0,7.8,9,4,2,0,1,0,13.85,0,0,0,0,20,0,4,0,0,0
jimenda01,2020,1,Dany Jimenez,26,SFG,NL,0,0,4,0,0,0,0,7.8,2,2,0,5,2,0,6.92,0,0,0,0,17,0,2,0,0,0
nicasju01,2020,1,Juan Nicasio,33,TEX,AL,0,0,4,0,0,0,0,7.8,9,10,2,4,2,0,34.62,0,0,0,0,21,0,10,0,0,0
romansa01,2020,1,Sal Romano,26,CIN,NL,2,0,4,0,0,0,0,7.8,1,0,0,0,1,0,0,0,0,0,0,10,0,1,0,0,0
anderdr02,2020,1,Drew Anderson,26,CHW,AL,0,2,2,0,0,0,0,7.8,7,10,3,4,4,0,34.62,0,2,0,0,20,0,10,0,0,0
holmecl01,2020,1,Clay Holmes,27,PIT,NL,0,0,2,0,0,0,0,7.8,4,0,0,0,2,0,0,0,0,0,0,13,0,1,0,0,0
gracema02,2020,1,Matt Grace,31,ARI,NL,0,2,5,0,0,0,0,7.2,9,10,2,4,4,0,37.5,0,0,0,0,19,0,10,0,0,0
mapledi01,2020,1,Dillon Maples,28,CHC,NL,0,0,4,0,0,0,0,7.2,2,4,0,7,2,0,15,0,0,0,0,18,0,5,0,0,0
adriaeh01,2020,1,Ehire Adrianza,30,MIN,AL,0,0,2,0,0,0,0,7.2,2,2,2,0,1,0,7.5,0,0,2,0,11,0,2,0,0,0
bemboan01,2020,1,Anthony Bemboom,30,LAA,AL,0,0,2,0,0,0,0,7.2,1,0,0,2,1,0,0,0,0,0,0,10,0,0,0,0,0
bickfph01,2020,1,Phil Bickford,24,MIL,NL,0,0,2,0,0,0,0,7.2,7,7,0,0,4,0,26.25,0,2,3,0,18,0,7,0,0,0
brachsi01,2020,1,Silvino Bracho,27,ARI,NL,0,0,2,0,0,0,0,7.2,4,4,2,0,2,0,15,0,0,0,0,11,0,4,0,0,0
brighje01,2020,1,Jeff Brigham,28,MIA,NL,0,0,2,0,0,0,0,7.2,4,2,0,0,1,0,7.5,0,0,0,0,11,0,2,0,0,0
castran02,2020,1,Anthony Castro,25,DET,AL,0,0,2,0,0,0,0,7.2,2,4,2,2,2,0,15,0,0,0,0,11,0,4,0,0,0
cruzje01,2020,1,Jesus Cruz,25,STL,NL,0,0,2,0,0,0,0,7.2,6,4,0,2,4,0,15,0,0,0,0,15,0,4,0,0,0
demertr01,2020,1,Travis Demeritte,25,DET,AL,0,0,2,0,0,0,0,7.2,7,7,3,0,1,0,26.25,0,0,0,0,15,0,7,0,0,0
dermoma01,2020,1,Matt Dermody,29,CHC,NL,0,0,2,0,0,0,0,7.2,1,0,0,0,2,0,0,0,0,0,0,8,0,0,0,0,0
forsylo01,2020,1,Logan Forsythe,33,MIA,NL,0,0,2,0,0,0,0,7.2,4,2,0,2,1,0,7.5,0,2,0,0,13,0,2,0,0,0
frazito01,2020,1,Todd Frazier,34,NYM,NL,0,0,2,0,0,0,0,7.2,1,0,0,0,2,0,0,0,0,0,0,8,0,0,0,0,0
guilllu01,2020,1,Luis Guillorme,25,NYM,NL,0,0,2,0,0,0,0,7.2,1,0,0,0,1,0,0,0,0,0,0,8,0,0,0,0,0
guzmajo04,2020,1,Jorge Guzman,24,MIA,NL,0,0,2,0,0,0,0,7.2,4,4,3,2,1,0,15,0,0,2,0,15,0,4,0,0,0
gyorkje01,2020,1,Jedd Gyorko,31,MIL,NL,0,0,2,0,0,0,0,7.2,2,0,0,0,1,0,0,0,0,0,0,10,0,0,0,0,0
heinety01,2020,1,Tyler Heineman,29,SFG,NL,0,0,2,0,0,0,0,7.2,2,0,0,0,1,0,0,0,0,0,0,8,0,0,0,0,0
kahnlto01,2020,1,Tommy Kahnle,30,NYY,AL,0,0,2,0,0,0,0,7.2,2,0,0,2,6,0,0,2,0,0,0,13,0,0,0,0,0
kellyca02,2020,1,Carson Kelly,25,ARI,NL,0,0,2,0,0,0,0,7.2,2,0,0,0,1,0,0,0,0,0,0,10,0,0,0,0,0
lintz02,2020,1,Tzu-Wei Lin,26,BOS,AL,0,0,2,0,0,0,0,7.2,7,5,2,0,1,0,18.75,0,0,0,0,15,0,5,0,0,0
llovema01,2020,1,Mauricio Llovera,24,PHI,NL,0,0,2,0,0,0,0,7.2,9,7,0,2,2,0,26.25,0,0,2,0,19,0,7,0,0,0
lopesti01,2020,1,Tim Lopes,26,SEA,AL,0,0,2,0,0,0,0,7.2,4,4,0,2,1,0,15,0,0,0,0,13,0,4,0,0,0
lovelri01,2020,1,Richard Lovelady,24,KCR,AL,0,0,2,0,0,0,0,7.2,2,2,2,2,1,0,7.5,0,0,0,0,10,0,2,0,0,0
murphjr01,2020,1,John Ryan Murphy,29,PIT,NL,0,0,2,0,0,0,0,7.2,1,0,0,0,1,0,0,0,0,0,0,8,0,0,0,0,0
sanchca01,2020,1,Yolmer Sanchez,28,CHW,AL,0,0,2,0,0,0,0,7.2,4,2,2,0,1,0,7.5,0,0,0,0,10,0,2,0,0,0
schroma01,2020,1,Max Schrock,25,STL,NL,0,0,2,0,0,0,0,7.2,1,0,0,0,1,0,0,0,0,0,0,8,0,0,0,0,0
wieckbr01,2020,1,Brad Wieck,28,CHC,NL,0,0,2,0,0,0,0,7.2,2,4,2,2,4,0,15,0,0,0,0,11,0,4,0,0,0
klubeco01,2020,1,Corey Kluber,34,TEX,AL,0,0,2,2,0,0,0,6,1,0,0,2,2,0,0,0,0,0,0,8,0,0,0,0,0
biddlje01,2020,1,Jesse Biddle,28,CIN,NL,0,0,2,0,0,0,0,1.5,2,0,0,2,2,0,0,0,0,0,0,7,0,0,0,0,0
cleavga01,2020,1,Garrett Cleavinger,26,PHI,NL,0,0,2,0,0,0,0,1.5,3,2,2,0,2,0,36,0,0,0,0,7,0,2,0,0,0
marqubr01,2020,1,Brailyn Marquez,21,CHC,NL,0,0,2,0,0,0,0,1.5,3,8,0,5,2,0,144,0,3,0,0,12,0,8,0,0,0
nelsoky01,2020,1,Kyle Nelson,23,CLE,AL,0,0,2,0,0,0,0,1.5,5,6,2,2,0,0,108,0,0,0,0,10,0,6,0,0,0
plaweke01,2020,1,Kevin Plawecki,29,BOS,AL,0,0,2,0,0,0,0,1.5,0,0,0,2,0,0,0,0,0,0,0,5,0,0,0,0,0
ramirro02,2020,1,Roel Ramirez,25,STL,NL,0,0,2,0,0,0,0,1.5,10,10,6,2,2,0,180,0,2,0,0,13,0,10,0,0,0
walkene01,2020,1,Neil Walker,34,PHI,NL,0,0,2,0,0,0,0,1.5,0,0,0,2,0,0,0,0,0,0,0,5,0,0,0,0,0
weigepa01,2020,1,Patrick Weigel,25,ATL,NL,0,0,2,0,0,0,0,1.5,3,3,0,5,0,0,54,0,2,0,0,12,0,3,0,0,0
beaslje01,2020,1,Jeremy Beasley,24,ARI,NL,0,0,2,0,0,0,0,0.6,3,0,0,0,2,0,0,0,0,0,0,5,0,0,0,0,0
brossmi01,2020,1,Mike Brosseau,26,TBR,AL,0,0,2,0,0,0,0,0.6,0,0,0,0,2,0,0,0,0,0,0,2,0,0,0,0,0
colined01,2020,1,Edwar Colina,23,MIN,AL,0,0,2,0,0,0,0,0.6,6,5,2,3,0,0,225,0,0,0,0,12,0,5,0,0,0
culbech01,2020,1,Charlie Culberson,31,ATL,NL,0,0,2,0,0,0,0,0.6,0,0,0,0,0,0,0,0,0,0,0,2,0,0,0,0,0
holadbr01,2020,1,Bryan Holaday,32,BAL,AL,0,0,2,0,0,0,0,0.6,3,0,0,0,0,0,0,0,2,0,0,5,0,0,0,0,0
hollojo01,2020,1,Jordan Holloway,24,MIA,NL,0,0,2,0,0,0,0,0.6,3,0,0,2,0,0,0,0,0,0,0,7,0,0,0,0,0
mckayda02,2020,1,David McKay,25,DET,AL,0,0,2,0,0,0,0,0.6,2,3,2,2,0,0,135,0,0,0,0,5,0,3,0,0,0
perazjo01,2020,1,Jose Peraza,26,BOS,AL,0,0,2,0,0,0,0,0.6,3,2,0,0,0,0,90,0,0,0,0,5,0,2,0,0,0